exoplanet_name,star_name,star_mass,m,m_min,m_max,P,P_min,P_max,a,a_min,a_max
11 Oph b,11 Oph,0.0162,21,18,24,730000,365000,1095000,243,188,298
14 Her c,14 Her,0.9,6.9,5.55,8.25,52596,16618.5,88573.5,27.4,15.45,39.35
2M 2140+16 b,2M 2140+16,0.08,20,-30,70,7340,6756,7924,3.53,3.38,3.68
2M 2206-20 b,2M 2206-20,0.13,30,-15,75,8686,8616.6,8755.4,4.48,4.08,4.88
2M1059-21 b,2M1059-21,0.81,66.95,62.325,71.575,690,686.8,693.2,0.8,0.785,0.815
51 Eri b,51 Eri,1.75,2.6,2.3,2.9,10260,6210,14310,11.1,8.35,13.85
55 Cnc b,55 Cnc,1.015,0.84,0.7095,0.9705,14.65314,14.652215,14.654065,0.11339,0.11328,0.1135
55 Cnc e,55 Cnc,1.015,0.02703,0.02568,0.02838,0.7365478,0.7365464,0.7365492,0.015439,0.015424,0.015454
ASASSN-16kr b,ASASSN-16kr,0.952,42,41,43,0.061285932,0.061285931,0.061285933,0.003,-0.002,0.008
ASASSN-17jf b,ASASSN-17jf,0.669,60,52,68,0.0567904,0.0567897,0.0567911,0.0026,-0.0064,0.0116
AU Mic b,AU Mic,0.5,0.0368,0.0208,0.0528,8.463,8.462998,8.463002,0.0645,0.0632,0.0658
AU Mic c,AU Mic,0.5,0.0698,0.0487,0.0909,18.859019,18.8590174,18.8590206,0.1101,0.1079,0.1123
b Cen b,b Cen,5.5,10.9,9.3,12.5,1800000,975000,2625000,556,539,573
BD+20 594 b,BD+20 594,1.67,0.07,0.04,0.1,41.6855,41.6824,41.6886,0.241,0.222,0.26
beta Pic b,beta Pic,1.73,11.9,8.915,14.885,7707,7192,8222,9.93,9.9,9.96
beta Pic c,beta Pic,1.73,8.89,8.14,9.64,1227,1117,1337,2.68,2.66,2.7
Oph 98 b,CFHTWIR-Oph 98,0.0154,7.8,7,8.6,8035500,7560500,8510500,200,194,206
CoRoT-1 b,CoRoT-1,0.95,1.03,0.91,1.15,1.50896848,1.50896837,1.50896859,0.0254,0.025,0.0258
CoRoT-10 b,CoRoT-10,0.89,2.75,2.61,2.89,13.2406,13.2404,13.2408,0.1055,0.1034,0.1076
CoRoT-11 b,CoRoT-11,1.27,2.33,2.06,2.6,2.994325,2.994304,2.994346,0.04351,0.04315,0.04387
CoRoT-12 b,CoRoT-12,1.078,0.917,0.8495,0.9845,2.8280517,2.8280505,2.8280529,0.04016,0.03924,0.04108
CoRoT-13 b,CoRoT-13,1.09,1.308,1.242,1.374,4.0350906,4.035087,4.0350942,0.051,0.0479,0.0541
CoRoT-14 b,CoRoT-14,1.13,7.6,7,8.2,1.51214,1.51201,1.51227,0.027,0.025,0.029
CoRoT-16 b,CoRoT-16,1.098,0.535,0.45,0.62,5.35227,5.35207,5.35247,0.0618,0.0603,0.0633
CoRoT-17 b,CoRoT-17,1.04,2.43,2.27,2.59,3.768125,3.767868,3.768382,0.0461,0.0453,0.0469
CoRoT-18 b,CoRoT-18,0.95,3.47,3.09,3.85,1.90009057,1.90009013,1.90009101,0.0295,0.0279,0.0311
CoRoT-19 b,CoRoT-19,1.21,1.11,1.05,1.17,3.8971372,3.8971351,3.8971393,0.0518,0.051,0.0526
CoRoT-2 b,CoRoT-2,0.97,3.31,3.15,3.47,1.7429964,1.7429947,1.7429981,0.0281,0.0272,0.029
CoRoT-20 b,CoRoT-20,1.14,4.24,4.01,4.47,9.2431839,9.2431767,9.2431911,0.0902,0.0881,0.0923
CoRoT-21 b,CoRoT-21,1.29,2.26,1.95,2.57,2.72474,2.7246,2.72488,0.0417,0.0406,0.0428
CoRoT-22 b,CoRoT-22,1.099,0.06,0.00225,0.11775,9.75598,9.75587,9.75609,0.092,0.0906,0.0934
CoRoT-23 b,CoRoT-23,1.14,2.8,2.55,3.05,3.6314,3.6313,3.6315,0.0477,0.0439,0.0515
CoRoT-24 c,CoRoT-24,0.91,0.088,0.053,0.123,11.759,11.7527,11.7653,0.098,0.095,0.101
CoRoT-25 b,CoRoT-25,1.09,0.27,0.23,0.31,4.86069,4.86063,4.86075,0.0578,0.0549,0.0607
CoRoT-26 b,CoRoT-26,1.09,0.52,0.47,0.57,4.20474,4.20469,4.20479,0.0526,0.0516,0.0536
CoRoT-27 b,CoRoT-27,1.05,10.39,9.84,10.94,3.57532,3.57526,3.57538,0.0476,0.041,0.0542
CoRoT-29 b,CoRoT-29,0.976,0.85,0.65,1.05,2.85057,2.850564,2.850576,0.039,0.037,0.041
CoRoT-3 b,CoRoT-3,1.41,21.66,20.66,22.66,4.2567994,4.2567944,4.2568044,0.057,0.054,0.06
CoRoT-30 b,CoRoT-30,0.98,2.9,2.68,3.12,9.06005,9.05981,9.06029,0.0844,0.0832,0.0856
CoRoT-31 b,CoRoT-31,1.25,0.84,0.5,1.18,4.62941,4.62866,4.63016,0.0586,0.0552,0.062
CoRoT-32 b,CoRoT-32,1.09,0.15,0.05,0.25,6.71837,6.71836,6.71838,0.071,0.07,0.072
CoRoT-35 b,CoRoT-35,1.01,1.1,0.73,1.47,3.22748,3.2274,3.22756,0.0429,0.04198,0.04382
CoRoT-36 b,CoRoT-36,1.32,0.68,0.105,1.255,5.616531,5.616508,5.616554,0.066,0.059,0.073
CoRoT-4 b,CoRoT-4,1.1,0.72,0.64,0.8,9.20166201,9.20165801,9.20166601,0.09,0.089,0.091
CoRoT-5 b,CoRoT-5,1,0.467,0.4315,0.5025,4.0379148,4.0379137,4.0379159,0.04947,0.04918,0.04976
CoRoT-6 b,CoRoT-6,1.055,2.96,2.62,3.3,8.886593,8.886589,8.886597,0.0855,0.084,0.087
CoRoT-7 b,CoRoT-7,0.93,0.041812,0.039644,0.04398,0.8535,0.8534994,0.8535006,0.0172,0.01691,0.01749
CoRoT-8 b,CoRoT-8,0.88,0.2158,0.1818,0.2498,6.21229,6.21226,6.21232,0.063,0.062,0.064
CoRoT-9 b,CoRoT-9,0.99,0.84,0.77,0.91,95.273804,95.272404,95.275204,0.407,0.402,0.412
DENIS-P J082303.1-491201 b,DENIS-P J082303.1-491201,0.07,28.5,26.6,30.4,246.36,244.995,247.725,0.36,0.35,0.37
DP Leo (AB) b,DP Leo (AB),0.69,6.05,5.58,6.52,10230,9500,10960,8.19,7.8,8.58
DS Tuc A b,DS Tuc A,0.959,0.0453,0.02265,0.06795,8.138268,8.138258,8.138278,0.0795,0.0765,0.0825
EPIC 205084841 b,EPIC 205084841,1.168,0.3883,0.0853,0.6913,11.310099,11.309649,11.310549,0.104,0.101,0.107
EPIC 211945201 b,EPIC 211945201,1.17,0.085,0.0432,0.1268,19.49221,19.4915505,19.4928695,0.1493,0.1478,0.1508
EPIC 212036875 b,EPIC 212036875,1.1241,51,49,53,5.16992,5.1699,5.16994,0.0621,0.0603,0.0639
EPIC 212737443 b,EPIC 212737443,0.69,0.02907,0.02076,0.03738,13.603,13.6017,13.6043,0.098,0.094,0.102
EPIC 212737443 c,EPIC 212737443,0.69,0.0303,0.02218,0.03842,65.55,65.541,65.559,0.28,0.274,0.286
EPIC 219388192 b,EPIC 219388192,0.99,36,34.4,37.6,5.292569,5.292543,5.292595,0.0593,0.058,0.0606
K2-106 b,EPIC 220674823,0.97,0.0263,0.0233,0.0293,0.571331,0.5713105,0.5713515,0.0134,0.0132,0.0136
K2-106 c,EPIC 220674823,0.97,0.018,0.0083,0.0277,13.339079,13.3371795,13.3409785,0.1091,0.10765,0.11055
EPIC 246193072 b,EPIC 246193072,0.901,0.26,0.238,0.282,12.4551225,12.4551194,12.4551256,0.1016,0.0997,0.1035
EPIC 246851721 b,EPIC 246851721,1.324,3,1.85,4.15,6.180235,6.180221,6.180249,0.07229,0.071545,0.073035
K2-314 b,EPIC 249893012,1.05,0.02753,0.0241,0.03096,3.5951,3.5948,3.5954,0.047,0.041,0.053
K2-314 c,EPIC 249893012,1.05,0.04616,0.04021,0.05211,15.624,15.623,15.625,0.13,0.115,0.145
K2-314 d,EPIC 249893012,1.05,0.03203,0.024355,0.039705,35.747,35.742,35.752,0.22,0.19,0.25
eps Eridani b,eps Eridani,0.83,0.65,0.55,0.75,2671,2651,2691,3.53,3.49,3.57
eps Ind A b,eps Ind A,0.762,3.25,2.73,3.77,16509,14590,18428,11.55,9.105,13.995
G 9-40 b,G 9-40,0.29,0.013,0.01102,0.01498,5.7459982,5.7459962,5.7460002,0.0418,0.04116,0.04244
Gaia-1 b,Gaia-1,0.93,1.68,1.57,1.79,3.042524,3.042507,3.042541,0.04047,0.03953,0.04141
Gaia-2 b,Gaia-2,1,0.773,0.732,0.814,3.6915237,3.6915202,3.6915272,0.0467,0.0452,0.0482
gamma 1 Leo b,gamma 1 Leo,1.23,63.88,-0.625,128.385,428.5,427.25,429.75,1.19,1.17,1.21
gamma Cephei b,gamma Cephei,1.4,17.539,16.794,18.284,905.64,902.81,908.47,2.1459,2.1411,2.1507
GJ 1132 b,GJ 1132,0.181,0.00522,0.0045,0.00594,1.628931,1.628904,1.628958,0.0154,0.0139,0.0169
GJ 1214 b,GJ 1214,0.15,0.02571,0.02436,0.02706,1.580404497,1.580404467,1.580404527,0.01411,0.01379,0.01443
GJ 1252 b,GJ 1252,0.381,0.00415,0.00239,0.00591,0.5182349,0.51822925,0.51824055,0.00916,0.0084,0.00992
GJ 143 b,GJ 143,0.76,0.0714,0.06495,0.07785,35.61253,35.61192,35.61314,0.1932,0.193,0.1934
GJ 2030 c,GJ 2030,1,12.934,10.574,15.294,25635,23135,28135,16.752,15.442,18.062
GJ 229 B,GJ 229,0.58,35,20,50,52890,31043,74737,19.433,13.633,25.233
GJ 3090 b,GJ 3090,0.519,0.01051,0.00824,0.01278,2.8531054,2.8531031,2.8531077,0.03165,0.03138,0.03192
GJ 3470 b,GJ 3470,0.51,0.03958,0.035505,0.043655,3.336649,3.3365665,3.3367315,0.03557,0.03457,0.03657
GJ 3473 b,GJ 3473,0.36,0.00585,0.00495,0.00675,1.1980035,1.1980016,1.1980054,0.01589,0.01527,0.01651
GJ 357 b,GJ 357,0.342,0.006566,0.005556,0.007576,3.93086,3.93082,3.9309,0.033,0.032,0.034
GJ 3634 b,GJ 3634,0.45,0.026,0.0131,0.0389,2.64561,2.64495,2.64627,0.0287,0.0276,0.0298
GJ 367  b,GJ 367,0.454,0.00047,0.000295,0.000645,0.3219659,0.3219655,0.3219663,0.0069,0.0068,0.007
GJ 3929 b,GJ 3929,0.309,0.00381,0.00251,0.00511,2.6162745,2.61627155,2.61627745,0.02569,0.02481,0.02657
GJ 436 b,GJ 436,0.452,0.07,0.0648,0.0752,2.64394,2.643841496,2.644038504,0.02887,0.02792,0.02982
GJ 486 b,GJ 486,0.323,0.00887,0.00849,0.00925,1.467119,1.467089,1.467149,0.01734,0.01707,0.01761
GJ 676 A b,GJ 676 A,0.71,6.7,5.05,8.35,1052.1,1051.7,1052.5,1.812,1.8105,1.8135
GJ 676 A c,GJ 676 A,0.71,6.8,-9.3,22.9,7337,7243.5,7430.5,6.6,6.5,6.7
GJ 876 d,GJ 876,0.334,0.021741,0.020971,0.022511,1.938,1.937,1.939,0.021,0.02,0.022
GJ 876 e,GJ 876,0.334,0.04855,0.04452,0.05258,124.4,123.9,124.9,0.345,0.3435,0.3465
GJ 896A b,GJ 896A,0.43589,2.26,1.69,2.83,284.39,282.89,285.89,0.64282,0.64214,0.6435
GJ 9827 b,GJ 9827,0.659,0.01532,0.01416,0.01648,1.2089765,1.2089742,1.2089788,0.01866,0.01846,0.01886
GJ 9827 c,GJ 9827,0.659,0.00604,0.0045,0.00758,3.648086,3.647986,3.648186,0.03896,0.03856,0.03936
GJ 9827 d,GJ 9827,0.659,0.01076,0.00881,0.01271,6.20183,6.20182,6.20184,0.0555,0.05493,0.05607
GPX-1 b,GPX-1,1.68,19.7,18.1,21.3,1.744579,1.744571,1.744587,0.0338,0.0335,0.0341
HAT-P-1 b,HAT-P-1,1.151,0.525,0.506,0.544,4.46529976,4.46529921,4.46530031,0.05561,0.05478,0.05644
HAT-P-10 A b,HAT-P-10 A,0.82,0.46,0.432,0.488,3.722469,3.7224623,3.7224757,0.0439,0.043,0.0448
HAT-P-11 b,HAT-P-11,0.809,0.0736,0.0689,0.0783,4.887802443,4.887802413,4.887802473,0.053,0.0522,0.0538
HAT-P-11 c,HAT-P-11,0.809,2.3,1.7,2.9,3397,3329.5,3464.5,4.13,3.905,4.355
HAT-P-12 b,HAT-P-12,0.73,0.210489885,0.197306736,0.223673033,3.2130598,3.2130577,3.2130619,0.0384,0.0381,0.0387
HAT-P-13 b,HAT-P-13,1.22,0.85,0.812,0.888,2.916243,2.91624,2.916246,0.0426,0.0414,0.0438
HAT-P-14 b,HAT-P-14,1.386,2.444,2.384,2.504,4.627686,4.6276783,4.6276937,0.0606,0.0584,0.0628
HAT-P-16 b,HAT-P-16,1.218,4.193,4.099,4.287,2.77596,2.775957,2.775963,0.0413,0.0409,0.0417
HAT-P-18 b,HAT-P-18,0.77,0.183,0.15,0.216,5.508029,5.5080248,5.5080332,0.0559,0.0552,0.0566
HAT-P-19 b,HAT-P-19,0.842,0.292,0.274,0.31,4.008784,4.0087833,4.0087847,0.0466,0.0458,0.0474
HAT-P-2 b,HAT-P-2,1.34,8.74,8.48,9,5.6334729,5.6334668,5.633479,0.0674,0.06659,0.06821
HAT-P-20 b,HAT-P-20,0.756,7.246,7.059,7.433,2.875317,2.875313,2.875321,0.0361,0.0356,0.0366
HAT-P-21 b,HAT-P-21,0.947,4.063,3.902,4.224,4.124461,4.124454,4.124468,0.0494,0.0487,0.0501
HAT-P-22 b,HAT-P-22,0.916,2.147,2.086,2.208,3.21222,3.212211,3.212229,0.0414,0.0409,0.0419
HAT-P-23 b,HAT-P-23,1.13,2.09,1.98,2.2,1.212884,1.212864,1.212904,0.0232,0.023,0.0234
HAT-P-24 b,HAT-P-24,1.191,0.685,0.652,0.718,3.35524,3.355233,3.355247,0.0465,0.0459,0.0471
HAT-P-26 b,HAT-P-26,0.816,0.0585,0.05133,0.06567,4.234516,4.234501,4.234531,0.0479,0.0473,0.0485
HAT-P-27 b,HAT-P-27,0.945,0.66,0.627,0.693,3.0395803,3.0395788,3.0395818,0.0403,0.0398,0.0408
HAT-P-28 b,HAT-P-28,1.025,0.626,0.589,0.663,3.257215,3.257208,3.257222,0.0434,0.0427,0.0441
HAT-P-29 b,HAT-P-29,1.207,0.778,0.72,0.836,5.723186,5.723137,5.723235,0.0667,0.0659,0.0675
HAT-P-3 b,HAT-P-3,0.917,0.591,0.573,0.609,2.899703,2.899649,2.899757,0.03866,0.03825,0.03907
HAT-P-30 b,HAT-P-30,1.18,0.711,0.683,0.739,2.810595,2.81059,2.8106,0.0419,0.0414,0.0424
HAT-P-31 b,HAT-P-31,1.218,2.171,2.08,2.262,5.005425,5.0053335,5.0055165,0.055,0.04,0.07
HAT-P-32 b,HAT-P-32,1.176,0.75,0.62,0.88,2.15000825,2.15000813,2.15000837,0.03427,0.03386,0.03468
HAT-P-33 b,HAT-P-33,1.403,0.763,0.646,0.88,3.474474,3.474473,3.474475,0.0503,0.0492,0.0514
HAT-P-34 b,HAT-P-34,1.36,3.328,3.117,3.539,5.452654,5.452638,5.45267,0.0677,0.0669,0.0685
HAT-P-35 b,HAT-P-35,1.236,1.054,1.021,1.087,3.646706,3.646685,3.646727,0.0498,0.0492,0.0504
HAT-P-36 b,HAT-P-36,1.022,1.832,1.733,1.931,1.327347,1.327344,1.32735,0.0238,0.0234,0.0242
HAT-P-37 b,HAT-P-37,0.929,1.169,1.066,1.272,2.797436,2.797429,2.797443,0.0379,0.0373,0.0385
HAT-P-38 b,HAT-P-38,0.886,0.267,0.247,0.287,4.640382,4.64035,4.640414,0.0523,0.0514,0.0532
HAT-P-39 b,HAT-P-39,1.404,0.599,0.5,0.698,3.54387,3.543865,3.543875,0.0509,0.0503,0.0515
HAT-P-4 b,HAT-P-4,1.26,0.68,0.64,0.72,3.0565114,3.0565086,3.0565142,0.0446,0.0434,0.0458
HAT-P-40 b,HAT-P-40,1.512,0.615,0.577,0.653,4.457243,4.457233,4.457253,0.0608,0.05975,0.06185
HAT-P-41 b,HAT-P-41,1.28,0.8,0.698,0.902,2.694047,2.694043,2.694051,0.0426,0.0421,0.0431
HAT-P-42 b,HAT-P-42,1.179,0.975,0.849,1.101,4.641876,4.641844,4.641908,0.0575,0.0564,0.0586
HAT-P-43 b,HAT-P-43,1.048,0.66,0.577,0.743,3.332688,3.332672,3.332704,0.0443,0.0438,0.0448
HAT-P-44 b,HAT-P-44,0.939,0.392,0.361,0.423,4.301217,4.301199,4.301235,0.0507,0.05,0.0514
HAT-P-44 c,HAT-P-44,0.939,1.6,1.4,1.8,219.9,215.4,224.4,0.699,0.685,0.713
HAT-P-45 b,HAT-P-45,1.259,0.892,0.774,1.01,3.128992,3.128982,3.129002,0.0452,0.0445,0.0459
HAT-P-46 b,HAT-P-46,1.284,0.493,0.426,0.56,4.463129,4.463081,4.463177,0.0577,0.05655,0.05885
HAT-P-46 c,HAT-P-46,1.284,2,1.7,2.3,77.7,77.1,78.3,0.387,0.3785,0.3955
HAT-P-47 b,HAT-P-47,1.387,0.206,0.167,0.245,4.732182,4.732169,4.732195,0.0615,0.0609,0.0621
HAT-P-48 b,HAT-P-48,1.099,0.168,0.144,0.192,4.40865,4.408642,4.408658,0.0543,0.0536,0.055
HAT-P-49 b,HAT-P-49,1.543,1.73,1.525,1.935,2.691548,2.691542,2.691554,0.0438,0.0433,0.0443
HAT-P-5 b,HAT-P-5,1.163,1.06,0.95,1.17,2.788491,2.788466,2.788516,0.04079,0.04003,0.04155
HAT-P-50 b,HAT-P-50,1.273,1.36,1.285,1.435,3.1220109,3.1220044,3.1220174,0.0453,0.04431,0.04629
HAT-P-51 b,HAT-P-51,0.976,0.309,0.291,0.327,4.2180278,4.2180219,4.2180337,0.05069,0.0502,0.05118
HAT-P-52 b,HAT-P-52,0.887,0.819,0.789,0.849,2.7535953,2.7535859,2.7536047,0.03694,0.03656,0.03732
HAT-P-53 b,HAT-P-53,1.093,1.487,1.4285,1.5455,1.9616241,1.9616202,1.961628,0.03159,0.03107,0.03211
HAT-P-54 b,HAT-P-54,0.645,0.76,0.728,0.792,3.799847,3.799833,3.799861,0.04117,0.04074,0.0416
HAT-P-55 b,HAT-P-55,1.013,0.582,0.526,0.638,3.5852467,3.5852403,3.5852531,0.04604,0.04548,0.0466
HAT-P-56 b,HAT-P-56,1.42,2.31,1.87,2.75,2.79083,2.790825,2.790835,0.0423,0.04191,0.04269
HAT-P-57 b,HAT-P-57,1.47,1.85,0.925,2.775,2.465295,2.4652918,2.4652982,0.0406,0.0395,0.0417
HAT-P-58 b,HAT-P-58,1.031,0.372,0.342,0.402,4.013837,4.01383676,4.01383724,0.04994,0.0495,0.05038
HAT-P-59 b,HAT-P-59,1,1.54,1.473,1.607,4.1419771,4.1419759,4.1419783,0.05064,0.05027,0.05101
HAT-P-6 b,HAT-P-6,1.29,1.057,0.938,1.176,3.853003,3.8530016,3.8530044,0.05235,0.05148,0.05322
HAT-P-60 b,HAT-P-60,1.435,0.574,0.536,0.612,4.7947813,4.7947789,4.7947837,0.06277,0.0626,0.06294
HAT-P-61 b,HAT-P-61,1.004,1.057,0.987,1.127,1.90231289,1.90231212,1.90231366,0.0301,0.02976,0.03044
HAT-P-62 b,HAT-P-62,1.023,0.761,0.673,0.849,2.6453235,2.6453196,2.6453274,0.03772,0.03748,0.03796
HAT-P-63 b,HAT-P-63,0.925,0.614,0.59,0.638,3.377728,3.377715,3.377741,0.04294,0.04259,0.04329
HAT-P-64 b,HAT-P-64,1.298,0.58,0.425,0.735,4.007232,4.0072303,4.0072337,0.05387,0.05357,0.05417
HAT-P-65 b,HAT-P-65,1.212,0.527,0.444,0.61,2.6054552,2.6054521,2.6054583,0.03951,0.03897,0.04005
HAT-P-66 b,HAT-P-66,1.255,0.783,0.726,0.84,2.972086,2.9720803,2.9720917,0.04363,0.042705,0.044555
HAT-P-67 b,HAT-P-67,1.642,0.34,0.12,0.56,4.81010205,4.81010167,4.81010243,0.06505,0.06329,0.06681
HAT-P-68 b,HAT-P-68,0.6785,0.724,0.681,0.767,2.29840551,2.29840499,2.29840603,0.02996,0.029685,0.030235
HAT-P-69 b,HAT-P-69,1.698,3.58,3,4.16,4.7869491,4.78694715,4.78695105,0.06555,0.065025,0.066075
HAT-P-7 b,HAT-P-7,1.51,1.741,1.713,1.769,2.204735471,2.204733071,2.204737871,0.0379,0.0375,0.0383
HAT-P-70 b,HAT-P-70,1.89,6.78,3.395,10.165,2.74432452,2.744323785,2.744325255,0.04739,0.046705,0.048075
HAT-P-8 b,HAT-P-8,1.28,1.34,1.29,1.39,3.0763402,3.0763387,3.0763417,0.0449,0.0442,0.0456
HAT-P-9 b,HAT-P-9,1.28,0.67,0.59,0.75,3.922814,3.922812,3.922816,0.053,0.051,0.055
HATS-10 b,HATS-10,1.1,0.526,0.445,0.607,3.312846,3.3128402,3.3128518,0.0449,0.04416,0.04564
HATS-11 b,HATS-11,1.33,0.85,0.73,0.97,3.619188,3.6191595,3.6192165,0.0507,0.0495,0.0519
HATS-12 b,HATS-12,1.16,2.38,2.293,2.467,3.142702,3.142649,3.142755,0.0441,0.0436,0.0446
HATS-13 b,HATS-13,0.962,0.543,0.471,0.615,3.0440499,3.0440472,3.0440526,0.04057,0.04016,0.04098
HATS-14 b,HATS-14,0.967,1.071,1.001,1.141,2.7667641,2.7667614,2.7667668,0.03815,0.03783,0.03847
HATS-15 b,HATS-15,0.871,2.17,2.02,2.32,1.74748753,1.74748659,1.74748847,0.02712,0.02689,0.02735
HATS-16 b,HATS-16,0.97,3.27,3.08,3.46,2.686502,2.686491,2.686513,0.03744,0.03699,0.03789
HATS-17 b,HATS-17,1.131,1.338,1.273,1.403,16.254611,16.254538,16.254684,0.1308,0.1296,0.132
HATS-18 b,HATS-18,1.037,1.98,1.903,2.057,0.8378434,0.83784293,0.83784387,0.01761,0.01734,0.01788
HATS-19 b,HATS-19,1.303,0.427,0.356,0.498,4.569673,4.569663,4.569683,0.0589,0.0576,0.0602
HATS-2 b,HATS-2,0.882,1.345,1.195,1.495,1.354133,1.354132,1.354134,0.023,0.0227,0.0233
HATS-20 b,HATS-20,0.91,0.273,0.238,0.308,3.7992969,3.799289,3.7993048,0.04619,0.04575,0.04663
HATS-21 b,HATS-21,1.08,0.332,0.297,0.367,3.5543973,3.5543915,3.5544031,0.04676,0.04638,0.04714
HATS-22 b,HATS-22,0.759,2.74,2.63,2.85,4.7228124,4.7228072,4.7228176,0.05025,0.04983,0.05067
HATS-23 b,HATS-23,1.121,1.47,1.398,1.542,2.1605156,2.1605111,2.1605201,0.03397,0.0335,0.03444
HATS-24 b,HATS-24,1.212,2.44,2.26,2.62,1.3484954,1.3484941,1.3484967,0.02547,0.02524,0.0257
HATS-25 b,HATS-25,0.994,0.613,0.571,0.655,4.2986432,4.2986387,4.2986477,0.05163,0.05103,0.05223
HATS-26 b,HATS-26,1.299,0.65,0.574,0.726,3.3023881,3.3023805,3.3023957,0.04735,0.046345,0.048355
HATS-27 b,HATS-27,1.415,0.53,0.4,0.66,4.637038,4.637024,4.637052,0.0611,0.06042,0.06178
HATS-28 b,HATS-28,0.929,0.672,0.585,0.759,3.1810781,3.1810742,3.181082,0.04131,0.04078,0.04184
HATS-29 b,HATS-29,1.032,0.653,0.59,0.716,4.6058749,4.6058686,4.6058812,0.05475,0.05387,0.05563
HATS-3 b,HATS-3,1.209,1.071,0.935,1.207,3.547851,3.547846,3.547856,0.0485,0.048,0.049
HATS-30 b,HATS-30,1.093,0.706,0.667,0.745,3.1743516,3.174349,3.1743542,0.04354,0.04312,0.04396
HATS-31 b,HATS-31,1.275,0.88,0.76,1,3.37796,3.377948,3.377972,0.0478,0.0466,0.049
HATS-32 b,HATS-32,1.099,0.92,0.82,1.02,2.8126548,2.8126493,2.8126603,0.04024,0.03971,0.04077
HATS-33 b,HATS-33,1.062,1.192,1.139,1.245,2.5495551,2.549549,2.5495612,0.03727,0.0369,0.03764
HATS-34 b,HATS-34,0.955,0.941,0.869,1.013,2.1061607,2.106156,2.1061654,0.03166,0.03132,0.032
HATS-35 b,HATS-35,1.317,1.222,1.144,1.3,1.8209933,1.8209917,1.8209949,0.03199,0.03166,0.03232
HATS-36 b,HATS-36,1.1,2.79,2.39,3.19,4.175186,4.175153,4.175219,0.0523,0.0517,0.0529
HATS-37A b,HATS-37A,0.843,0.099,0.057,0.141,4.3315366,4.3315325,4.3315407,0.04913,0.04885,0.04941
HATS-38 b,HATS-38,0.89,0.074,0.063,0.085,4.375021,4.375011,4.375031,0.05036,0.050095,0.050625
HATS-39 b,HATS-39,1.379,0.63,0.5,0.76,4.5776348,4.5776275,4.5776421,0.06,0.05942,0.06058
HATS-4 b,HATS-4,1.001,1.323,1.295,1.351,2.516729,2.516727,2.516731,0.0362,0.036,0.0364
HATS-40 b,HATS-40,1.56,1.59,1.35,1.83,3.2642736,3.2642676,3.2642796,0.04997,0.04923,0.05071
HATS-41 b,HATS-41,1.496,9.7,8.1,11.3,4.193649,4.193636,4.193662,0.0583,0.05705,0.05955
HATS-42 b,HATS-42,1.273,1.88,1.73,2.03,2.292102,2.2920999,2.2921041,0.03689,0.03624,0.03754
HATS-43 b,HATS-43,0.837,0.261,0.207,0.315,4.3888497,4.3888438,4.3888556,0.04944,0.04898,0.0499
HATS-44 b,HATS-44,0.86,0.56,0.45,0.67,2.7439004,2.7438972,2.7439036,0.03649,0.03619,0.03679
HATS-45 b,HATS-45,1.272,0.7,0.55,0.85,4.1876244,4.1876188,4.18763,0.05511,0.05442,0.0558
HATS-46 b,HATS-46,0.917,0.173,0.111,0.235,4.7423729,4.742368,4.7423778,0.05367,0.05314,0.0542
HATS-47 b,HATS-47,0.674,0.369,0.343,0.395,3.9228038,3.9228016,3.922806,0.04269,0.0424,0.04298
HATS-48A b,HATS-48A,0.7279,0.243,0.217,0.269,3.1316666,3.1316629,3.1316703,0.03769,0.03758,0.0378
HATS-49 b,HATS-49,0.7133,0.353,0.3205,0.3855,4.1480467,4.14804,4.1480534,0.04515,0.04499,0.04531
HATS-5 b,HATS-5,0.936,0.237,0.225,0.249,4.763387,4.763377,4.763397,0.0542,0.0536,0.0548
HATS-50 b,HATS-50,1.168,0.39,0.29,0.49,3.8297015,3.8296969,3.8297061,0.05046,0.04986,0.05106
HATS-51 b,HATS-51,1.187,0.768,0.723,0.813,3.3488702,3.3488663,3.3488741,0.04639,0.04562,0.04716
HATS-52 b,HATS-52,1.111,2.24,2.09,2.39,1.3665436,1.36654266,1.36654454,0.02498,0.02458,0.02538
HATS-53 b,HATS-53,0.964,0.595,0.506,0.684,3.8537768,3.853773,3.8537806,0.04753,0.04687,0.04819
HATS-54 b,HATS-54,1.05,0.753,0.696,0.81,2.5441765,2.5441741,2.5441789,0.037,0.036,0.038
HATS-56 b,HATS-56,1.573,0.602,0.567,0.637,4.324799,4.324772,4.324826,0.06043,0.06021,0.06065
HATS-57 b,HATS-57,1.026,3.147,3.074,3.22,2.350621,2.3506197,2.3506223,0.03493,0.034675,0.035185
HATS-58A b,HATS-58A,1.461,1.03,0.8,1.26,4.2180896,4.2180807,4.2180985,0.05798,0.05741,0.05855
HATS-59 b,HATS-59,1.038,0.806,0.737,0.875,5.416081,5.416065,5.416097,0.06112,0.05352,0.06872
HATS-6 b,HATS-6,0.574,0.319,0.249,0.389,3.3252725,3.3252704,3.3252746,0.03623,0.035735,0.036725
HATS-60 b,HATS-60,1.1,0.662,0.607,0.717,3.560829,3.560797,3.560861,0.04708,0.04689,0.04727
HATS-61 b,HATS-61,1.075,3.4,3.26,3.54,7.817953,7.817929,7.817977,0.07908,0.07875,0.07941
HATS-62 b,HATS-62,0.911,0.179,0.0895,0.2685,3.2768837,3.2768804,3.276887,0.04163,0.04143,0.04183
HATS-63 b,HATS-63,0.931,0.96,0.84,1.08,3.0566527,3.0566478,3.0566576,0.04026,0.03998,0.04054
HATS-64 b,HATS-64,1.562,0.96,0.76,1.16,4.908897,4.908884,4.90891,0.06562,0.06523,0.06601
HATS-65 b,HATS-65,1.269,0.821,0.738,0.904,3.105161,3.1051594,3.1051626,0.04497,0.04464,0.0453
HATS-66 b,HATS-66,1.406,5.33,4.65,6.01,3.1414391,3.1414317,3.1414465,0.04714,0.04689,0.04739
HATS-67 b,HATS-67,1.44,1.45,1.33,1.57,1.6091788,1.6091748,1.6091828,0.03032,0.03017,0.03047
HATS-68 b,HATS-68,1.337,1.29,1.2308,1.3492,3.5862202,3.5862155,3.5862249,0.05071,0.05053,0.05089
HATS-69 b,HATS-69,0.892,0.577,0.2885,0.8655,2.2252577,2.2252558,2.2252596,0.03211,0.031945,0.032275
HATS-7 b,HATS-7,0.849,0.12,0.108,0.132,3.185315,3.1853096,3.1853204,0.04012,0.03969,0.04055
HATS-70 b,HATS-70,1.78,12.9,11.2,14.6,1.8882378,1.8882363,1.8882393,0.03632,0.035515,0.037125
HATS-71A b,HATS-71A,0.569,0.45,0.21,0.69,3.7955213,3.7955202,3.7955224,0.03946,0.038145,0.040775
HATS-72 b,HATS-72,0.7311,0.1254,0.1215,0.1293,7.3279474,7.3279458,7.327949,0.066517,0.066432,0.066602
HATS-74A b,HATS-74A,0.6,1.46,1.32,1.6,1.73185606,1.73185551,1.73185661,0.02384,0.02374,0.02394
HATS-75 b,HATS-75,0.6017,0.491,0.452,0.53,2.7886556,2.7886545,2.7886567,0.032742,0.032625,0.032859
HATS-76 b,HATS-76,0.662,2.629,2.54,2.718,1.9416423,1.9416409,1.9416437,0.02658,0.02633,0.02683
HATS-77 b,HATS-77,0.655,1.374,1.287,1.461,3.0876262,3.0876246,3.0876278,0.03607,0.03582,0.03632
HATS-8 b,HATS-8,1.056,0.138,0.119,0.157,3.583893,3.583883,3.583903,0.04667,0.04612,0.04722
HATS-9 b,HATS-9,1.1,0.839,0.808,0.87,1.915291,1.9152725,1.9153095,0.0312,0.03075,0.03165
HD 106315 b,HD 106315,1.09,0.03964,0.02957,0.04971,9.55237,9.55148,9.55326,0.0907,0.0897,0.0917
HD 106315 c,HD 106315,1.09,0.04782,0.03618,0.05946,21.05704,21.05658,21.0575,0.1536,0.1519,0.1553
HD 10697 b,HD 10697,1.13,6.837,5.2525,8.4215,1075.69,1074.87,1076.51,2.14,2.052,2.228
HD 110113 b,HD 110113,0.997,0.01432,0.01237,0.01627,2.541,2.54025,2.54175,0.035,0.034,0.036
HD 114082 b,HD 114082,1.47,8,7,9,109.75,109.365,110.135,0.5109,0.5027,0.5191
HD 114783 b,HD 114783,0.92,6.3,-8.635,21.235,493.7,491.9,495.5,1.16,1.141,1.179
HD 118203 b,HD 118203,1.23,2.173,2.093,2.253,6.13498,6.134942,6.135018,0.07082,0.069795,0.071845
HD 131664 b,HD 131664,1.1,135.3,75.3,195.3,19600,19596,19604,3.17,3.14,3.2
HD 136118 b,HD 136118,1.24,42,27.5,56.5,1209,1185,1233,1.45,1.2,1.7
HD 13724 b,HD 13724,1.14,50.5,47.2,53.8,44926,29926,59926,26.3,24.55,28.05
HD 1397 b,HD 1397,1.322,0.415,0.395,0.435,11.53533,11.53453,11.53613,0.1097,0.1085,0.1109
HD 142022 A b,HD 142022 A,0.99,29.4,-19.25,78.05,1928,1882,1974,3.03,3.025,3.035
HD 149026 b,HD 149026,1.3,0.357,0.3445,0.3695,2.8758916,2.8758902,2.875893,0.04288,0.04255,0.04321
HD 152843 b,HD 152843,1.15,0.03637,0.01636,0.05638,11.6264,11.62405,11.62875,0.1053,0.1023,0.1083
HD 154345 b,HD 154345,0.88,1.3,0.05,2.55,3538,3238,3838,4.3,3.9,4.7
HD 164604 b,HD 164604,0.77,14.3,8.8,19.8,641.47,631.34,651.6,1.331,1.3281,1.3339
HD 168443 c,HD 168443,0.995,29.463,20.307,38.619,1749.83,1749.26,1750.4,2.8373,2.8193,2.8553
HD 17156 b,HD 17156,1.275,3.195,3.161,3.229,21.2163979,21.216382,21.2164138,0.1623,0.1603,0.1643
HD 175167 b,HD 175167,1.102,9.5,8.6,10.4,1290,1268,1312,2.4,2.35,2.45
HD 183579 b,HD 183579,1.031,0.0302,-0.0429,0.1033,17.471278,17.471218,17.471338,0.1334,0.1272,0.1396
HD 190228 b,HD 190228,1.3,65.7,45.3,86.1,1146,1130,1162,2,1.5,2.5
HD 191939 b,HD 191939,0.81,0.0327,0.0299,0.0355,8.88029,8.88027,8.88031,0.078,0.074,0.082
HD 191939 c,HD 191939,0.81,0.0227,0.0183,0.0271,28.5805,28.5803,28.5807,0.17,0.168,0.172
HD 191939 d,HD 191939,0.81,0.0182,0.0091,0.0273,38.3525,38.3522,38.3528,0.207,0.204,0.21
HD 196885 A b,HD 196885 A,1.33,3.394,2.912,3.876,1326,1322.95,1329.05,2.383,2.353,2.413
HD 202772 A b,HD 202772 A,1.703,1.008,0.9315,1.0845,3.30896,3.308878,3.309042,0.0519,0.050925,0.052875
HD 20329 b,HD 20329,0.9,0.02335,0.01992,0.02678,0.926118,0.9260715,0.9261645,0.018,0.0177,0.0183
HD 206893 b,HD 206893,1.24,28,25.85,30.15,9807,7667,11947,9.6,9.25,9.95
HD 206893 c,HD 206893,1.24,12.7,11.6,13.8,2082,1899,2265,3.53,3.46,3.6
HD 207897 b,HD 207897,0.801,0.05,0.045,0.055,16.202157,16.202072,16.202242,0.1164,0.1147,0.1181
HD 208487 c,HD 208487,1.3,0.46,0.36,0.56,908,818,998,1.8,1.7,1.9
HD 209458 b,HD 209458,1.148,0.69,0.673,0.707,3.52472,3.5246918,3.5247482,0.04747,0.04692,0.04802
HD 213885 b,HD 213885,1.068,0.02778,0.0257,0.02986,1.008035,1.008014,1.008056,0.02012,0.019985,0.020255
HD 219666 b,HD 219666,0.92,0.0522,0.0481,0.0563,6.03607,6.03543,6.03671,0.06356,0.06091,0.06621
HD 221416 b,HD 221416,1.212,0.1904,0.1725,0.2083,14.2767,14.273,14.2804,0.1228,0.12025,0.12535
HD 23472 b,HD 23472,0.75,0.02618,0.02369,0.02867,17.667087,17.667045,17.667129,0.1162,0.1144,0.118
HD 23472 c,HD 23472,0.75,0.01073,0.008095,0.013365,29.79749,29.79735,29.79763,0.1646,0.1625,0.1667
HD 23472 d,HD 23472,0.75,0.00173,0.00113,0.00233,3.97664,3.976603,3.976677,0.04298,0.04233,0.04363
HD 23472 e,HD 23472,0.75,0.00227,0.00139,0.00315,7.90754,7.90743,7.90765,0.068,0.067,0.069
HD 260655 b,HD 260655,0.439,0.00673,0.00566,0.0078,2.76953,2.7695,2.76956,0.02933,0.02909,0.02957
HD 260655 c,HD 260655,0.439,0.00972,0.00821,0.01123,5.70588,5.70581,5.70595,0.04749,0.0471,0.04788
HD 2685 b,HD 2685,1.44,1.18,1.09,1.27,4.12692,4.12688,4.12696,0.0568,0.05655,0.05705
HD 28109 b,HD 28109,1.26,0.058195,0.031695,0.084695,22.89104,22.89068,22.8914,0.1357,0.1323,0.1391
HD 3167 b,HD 3167,0.94,0.0158,0.0146,0.017,0.959624,0.959596,0.959652,0.0186,0.0183,0.0189
HD 3167 c,HD 3167,0.94,0.0308,0.026805,0.034795,29.83832,29.835268,29.841372,0.1841,0.18135,0.18685
HD 332231 b,HD 332231,1.127,0.244,0.223,0.265,18.71204,18.71161,18.71247,0.1436,0.14035,0.14685
HD 33632 A b,HD 33632 A,1.03,50,44.7,55.3,39082,30132,48032,23.6,19.75,27.45
HD 3651 b,HD 3651,0.79,0.23,0.075,0.385,62.25,62.246,62.254,0.295,0.266,0.324
HD 38529 b,HD 38529,1.48,0.93,0.77,1.09,14.3104,14.3102,14.3106,0.131,0.1295,0.1325
HD 38529 c,HD 38529,1.48,23.7,20.1,27.3,2134.76,2134.36,2135.16,3.695,3.652,3.738
HD 4747 b,HD 4747,0.82,66.6,63.1,70.1,12090,11834,12346,16.4,12.8,20
HD 5278 b,HD 5278,1.126,0.0245,0.0201,0.0289,14.33902,14.33895,14.33909,0.12,0.1169,0.1231
HD 68988 c,HD 68988,1.2,15,12.85,17.15,12700,3700,21700,13.2,9.55,16.85
HD 73583 b,HD 73583,0.66,0.0321,0.02185,0.04235,6.398042,6.3980355,6.3980485,0.0604,0.0578,0.063
HD 73583 c,HD 73583,0.66,0.0302,0.0245,0.0359,18.8805,18.87875,18.88225,0.1233,0.1218,0.1248
HD 80606 b,HD 80606,0.98,4.1641,4.1594,4.1688,111.436765,111.436691,111.436839,0.4603,0.4582,0.4624
HD 80653 b,HD 80653,1.18,0.01762,0.01627,0.01897,0.719573,0.719552,0.719594,0.0166,0.0163,0.0169
HD 85628 A b,HD 85628 A,1.75,3.1,2.2,4,2.82406,2.82403,2.82409,0.047,0.043,0.051
HD 87883 b,HD 87883,0.82,81.9,-41,204.8,2754,2667,2841,3.6,3.52,3.68
HD 89345 b,HD 89345,1.12,0.1123,0.1019,0.1227,11.81399,11.81313,11.81485,0.105,0.1037,0.1063
HD 89744 b,HD 89744,1.4,10.32,8.415,12.225,256.78,256.76,256.8,0.917,0.908,0.926
MASCARA-3 b,HD 93148,1.461,5.18,4.96,5.4,5.5514926,5.5514846,5.5515006,0.06971,0.06051,0.07891
HD 95338 b,HD 95338,0.76,0.12406,0.108065,0.140055,55.086,55.067,55.105,0.231,0.224,0.238
HD 97658 b,HD 97658,0.85,0.02457,0.023015,0.026125,9.489295,9.48929,9.4893,0.08,0.07015,0.08985
HIP 116454 b,HIP 116454,0.775,0.0372,0.03301,0.04139,9.1265,9.126,9.127,0.098,0.095,0.101
HIP 21152 b,HIP 21152,1.44,24,19,29,21550,12967.5,30132.5,17,12.5,21.5
HIP 65A b,HIP 65A,0.781,3.213,3.135,3.291,0.9809734,0.9809703,0.9809765,0.01782,0.01761,0.01803
HIP 75458 b,HIP 75458,1.4,16.4,9.75,23.05,510.855,510.841,510.869,1.448,1.419,1.477
HIP 75458 c,HIP 75458,1.4,17,7.8,26.2,24840,7265,42415,19.4,10.55,28.25
HIP 97166 b,HIP 97166,0.898,0.063,0.0583,0.0677,10.28891,10.28887,10.28895,0.089,0.088,0.09
HR 8799 e,HR 8799,1.56,9.6,7.7,11.5,18000,18000,18000,16.4,14.8,18
HW Vir (AB) b,HW Vir (AB),0.627,39,22,56,9750,9677,9823,4.69,4.63,4.75
HW Vir (AB) c,HW Vir (AB),0.627,40,26,54,17000,8000,26000,12.8,12.6,13
K2-105 b,K2-105,0.99,0.094,0.034,0.154,8.267704,8.26737,8.268038,0.0796,0.0789,0.0803
K2-107 b,K2-107,1.3,0.84,0.76,0.92,3.313959,3.313935,3.313983,0.0475,0.0469,0.0481
K2-108 b,K2-108,1.17,0.187,0.173,0.201,4.733999,4.733775,4.734223,0.0581,0.0572,0.059
K2-110 b,K2-110,0.75,0.0525,0.0425,0.0625,13.86387,13.863543,13.864197,0.1027,0.1016,0.1038
K2-111 b,K2-111,0.84,0.01664,0.014235,0.019045,5.3518,5.3514,5.3522,0.057,0.0558,0.0582
K2-113 b,K2-113,1.04,1.28,1.16,1.4,5.817685,5.817644,5.817726,0.0642,0.0633,0.0651
K2-114 b,K2-114,0.89,1.85,1.625,2.075,11.391013,11.3907885,11.3912375,0.0954,0.0943,0.0965
EPIC 211442297 b,K2-115,0.95,0.84,0.65,1.03,20.273034,20.2729975,20.2730705,0.1367,0.1356,0.1378
K2-124 b,K2-124,0.39,0.033,0.0248,0.0412,6.413651,6.4136175,6.4136845,0.049,0.047,0.051
K2-132 b,K2-132,1.08,0.49,0.43,0.55,9.1751,9.1726,9.1776,0.0916,0.091,0.0922
K2-138 b,K2-138,0.93,0.0098,0.0063,0.0133,2.35322,2.35286,2.35358,0.0338,0.03356,0.03404
K2-138 c,K2-138,0.93,0.0198,0.016,0.0236,3.55987,3.559645,3.560095,0.04454,0.04422,0.04486
K2-138 d,K2-138,0.93,0.0249,0.0205,0.0293,5.40478,5.40431,5.40525,0.05883,0.05841,0.05925
K2-138 e,K2-138,0.93,0.0409,0.0349,0.0469,8.26144,8.260995,8.261885,0.07807,0.07751,0.07863
K2-138 f,K2-138,0.93,0.005,-0.0002,0.0102,12.75759,12.75667,12.75851,0.1043,0.103555,0.105045
K2-138 g,K2-138,0.93,0.0135,0.00065,0.02635,41.96797,41.96013,41.97581,0.231,0.22925,0.23275
K2-139 b,K2-139,0.96,0.381,0.336,0.426,28.380619,28.3800795,28.3811585,0.1796,0.1781,0.1811
K2-140 b,K2-140,1,0.93,0.89,0.97,6.56918,6.56914,6.56922,0.0687,0.0682,0.0692
K2-146 b,K2-146,0.33,0.01816,0.01792,0.0184,2.6446,2.64454,2.64466,0.027,0.026,0.028
K2-146 c,K2-146,0.33,0.02358,0.02327,0.02389,4.00498,4.00487,4.00509,0.034,0.033,0.035
K2-155 b,K2-155,0.65,0.0148,0.01355,0.01605,6.342,6.34,6.344,0.0562,0.05485,0.05755
K2-155 c,K2-155,0.65,0.0205,0.01735,0.02365,13.85,13.844,13.856,0.0946,0.09155,0.09765
K2-155 d,K2-155,0.65,0.0154,0.0118,0.019,40.718,40.713,40.723,0.1937,0.18755,0.19985
K2-174 b,K2-174,0.7,0.0289,0.021,0.0368,19.562307,19.562229,19.562385,0.126,0.125,0.127
K2-18 b,K2-18,0.36,0.02807,0.02288,0.03326,32.939623,32.9395255,32.9397205,0.1429,0.13665,0.14915
K2-180 b,K2-180,0.72,0.036,0.03,0.042,8.867209,8.866167,8.868251,0.0753,0.0743,0.0763
K2-182 b,K2-182,0.88,0.063,0.047,0.079,4.7369683,4.736966,4.7369706,0.0526,0.0523,0.0529
K2-19 b,K2-19,0.93,0.1019,0.0966,0.1072,7.9194,7.91935,7.91945,0.074,0.0728,0.0752
K2-19 c,K2-19,0.93,0.034,0.0321,0.0359,11.90715,11.90565,11.90865,0.0971,0.0955,0.0987
K2-19 d,K2-19,0.93,0.031,0.0155,0.0465,2.50856,2.50815,2.50897,0.0344,0.0338,0.035
K2-199 b,K2-199,0.73,0.0217,0.016,0.0274,3.2253993,3.2253969,3.2254017,0.0382,0.0378,0.0386
K2-199 c,K2-199,0.73,0.039,0.0318,0.0462,7.3744897,7.374486,7.3744934,0.0662,0.0655,0.0669
K2-216 b,K2-216,0.7,0.02517,0.02014,0.0302,2.1748,2.17475,2.17485,0.028,0.0225,0.0335
K2-22 b,K2-22,0.6,1.4,0.7,2.1,0.381078,0.381077,0.381079,0.0088,0.008,0.0096
K2-222 b,K2-222,1,0.025,0.0193,0.0307,15.3885,15.38784,15.38916,0.1211,0.11945,0.12275
K2-229 b,K2-229,0.87,0.00815,0.0068,0.0095,0.58426,0.58424,0.58428,0.0131,0.0131,0.0131
K2-229 c,K2-229,0.87,0.067,0.0335,0.1005,8.32727,8.32685,8.32769,0.0769,0.0766,0.0772
K2-229 d,K2-229,0.87,0.079,0.0395,0.1185,31,29.9,32.1,0.182,0.1778,0.1862
K2-232 b,K2-232,1.19,0.398,0.361,0.435,11.168454,11.168431,11.168477,0.10356,0.10277,0.10435
K2-233 b,K2-233,0.8,0.0104,0.00245,0.01835,2.46746,2.46732,2.4676,0.03317,0.032725,0.033615
K2-233 d,K2-233,0.8,0.0261,0.0105,0.0417,24.3662,24.3641,24.3683,0.1527,0.15065,0.15475
K2-237 b,K2-237,1.23,1.236,1.192,1.28,2.1805577,2.180552,2.1805634,0.0353,0.0341,0.0365
K2-238 b,K2-238,1.19,0.86,0.735,0.985,3.20466,3.20463,3.20469,0.046,0.0395,0.0525
K2-239 b,K2-239,0.4,0.0044,0.0031,0.0057,5.24,5.239,5.241,0.0441,0.0433,0.0449
K2-239 c,K2-239,0.4,0.0028,0.0019,0.0037,7.775,7.774,7.776,0.0576,0.0567,0.0585
K2-239 d,K2-239,0.4,0.0041,0.0028,0.0054,10.115,10.114,10.116,0.0685,0.0673,0.0697
K2-24 b,K2-24,1.07,0.05978,0.053015,0.066545,20.88977,20.889425,20.890115,0.154,0.152,0.156
K2-24 c,K2-24,1.07,0.04845,0.04263,0.05427,42.3391,42.3379,42.3403,0.247,0.243,0.251
K2-240 b,K2-240,0.58,0.0157,0.0146,0.0168,6.034,6.033,6.035,0.0513,0.0504,0.0522
K2-240 c,K2-240,0.58,0.0145,0.01295,0.01605,20.523,20.522,20.524,0.1159,0.1139,0.1179
K2-260 b,K2-260,1.39,1.42,1.105,1.735,2.6266657,2.6266638,2.6266676,0.0404,0.03895,0.04185
K2-261 b,K2-261,1.1,0.223,0.192,0.254,11.63344,11.63332,11.63356,0.102,0.0825,0.1215
K2-263 b,K2-263,0.88,0.0466,0.0368,0.0564,50.818947,50.818853,50.819041,0.2573,0.2544,0.2602
K2-265 b,K2-265,0.92,0.02058,0.01794,0.02322,2.369172,2.369083,2.369261,0.03376,0.03355,0.03397
K2-266 b,K2-266,0.69,0.0355,0.00723,0.06377,0.658524,0.658507,0.658541,0.01306,0.012855,0.013265
K2-266 c,K2-266,0.69,0.00091,0.00047,0.00135,7.814,7.81235,7.81565,0.0679,0.0668,0.069
K2-266 d,K2-266,0.69,0.028,0.013055,0.042945,14.697,14.696655,14.697345,0.1035,0.10185,0.10515
K2-266 e,K2-266,0.69,0.04499,0.027055,0.062925,19.482,19.4808,19.4832,0.1249,0.12295,0.12685
K2-27 b,K2-27,0.87,0.09722,0.08275,0.11169,6.771315,6.77123,6.7714,0.06702,0.06631,0.06773
K2-280 b,K2-280,1.11,0.1167,0.0991,0.1343,19.895202,19.8944385,19.8959655,0.1488,0.14685,0.15075
K2-285 b,K2-285,0.83,0.03046,0.0264,0.03452,3.471745,3.4717,3.47179,0.03817,0.037235,0.039105
K2-285 c,K2-285,0.83,0.04933,0.042395,0.056265,7.138048,7.1379805,7.1381155,0.0824,0.0806,0.0842
K2-286 b,K2-286,0.64,0.0214,0.0079,0.0349,27.359,27.354,27.364,0.1768,0.1578,0.1958
K2-287 b,K2-287,1.06,0.315,0.288,0.342,14.893291,14.893266,14.893316,0.1206,0.1198,0.1214
K2-289 b,K2-289,0.95,0.1529,0.0944,0.2114,13.156969,13.15692,13.157018,0.107,0.106,0.108
K2-29 b,K2-29,0.94,0.73,0.69,0.77,3.2588321,3.2588302,3.258834,0.04217,0.04193,0.04241
K2-290 c,K2-290,1.19,0.774,0.727,0.821,48.36685,48.36645,48.36725,0.305,0.288,0.322
K2-291 b,K2-291,0.93,0.02042,0.01677,0.02407,2.225177,2.22511,2.225244,0.03261,0.03217,0.03305
K2-292 b,K2-292,1,0.07709,0.06325,0.09093,16.9841,16.9833,16.9849,0.13,0.12,0.14
K2-295 b,K2-295,0.74,0.335,0.273,0.397,4.024867,4.024852,4.024882,0.0451,0.0441,0.0461
K2-3 b,K2-3,0.6,0.02039,0.01737,0.02341,10.054626,10.0546155,10.0546365,0.0775,0.0736,0.0814
K2-3 c,K2-3,0.6,0.00673,0.003395,0.010065,24.646582,24.646542,24.646622,0.1405,0.1338,0.1472
K2-30 b,K2-30,0.9,0.579,0.5515,0.6065,4.098503,4.098492,4.098514,0.04839,0.04763,0.04915
K2-31 b,K2-31 ,0.91,1.774,1.695,1.853,1.25785,1.257848,1.257852,0.022,0.0202,0.0238
K2-32 b,K2-32,0.86,0.047,0.0413,0.0527,8.991828,8.9917445,8.9919115,0.08035,0.07946,0.08124
K2-32 c,K2-32,0.86,0.0255,0.0179,0.0331,20.66186,20.66086,20.66286,0.1399,0.1383,0.1415
K2-32 d,K2-32,0.86,0.0211,0.0132,0.029,31.7142,31.71315,31.71525,0.1862,0.1841,0.1883
K2-32 e,K2-32,0.86,0.0066,0.0025,0.0107,4.34882,4.3481,4.34954,0.04951,0.04896,0.05006
K2-34 b,K2-34,1.15,1.78,1.65,1.91,2.995633,2.995625,2.995641,0.0426,0.0421,0.0431
K2-36 b,K2-36,0.79,0.01227,0.00881,0.01573,1.422614,1.422576,1.422652,0.0223,0.0219,0.0227
K2-36 c,K2-36,0.79,0.02454,0.0173,0.03178,5.3410507,5.341025,5.3410764,0.054,0.053,0.055
K2-38 b,K2-38,2.24,0.06,0.03,0.09,4.01593,4.01543,4.01643,0.04994,0.04945,0.05043
K2-38 c,K2-38,2.24,0.03115,0.01668,0.04562,10.56103,10.56013,10.56193,0.0964,0.0948,0.098
K2-39 b,K2-39,0.66,0.09,0.04,0.14,4.60543,4.60497,4.60589,0.062,0.051,0.073
K2-53 b,K2-53,0.85,0.0289,0.021,0.0368,12.20772,12.207602,12.207838,0.098,0.097,0.099
K2-55 b,K2-55,0.7,0.138,0.1213,0.1547,2.849258,2.849225,2.849291,0.03486,0.03408,0.03564
K2-60 b,K2-60,0.97,0.426,0.389,0.463,3.00265,3.00261,3.00269,0.045,0.042,0.048
K2-66 b,K2-66,1.11,0.06702,0.05569,0.07835,5.06963,5.06882,5.07044,0.05983,0.05911,0.06055
K2-79 b,K2-79,1.06,0.0371,0.0258,0.0484,10.99475,10.99428,10.99522,0.0987,0.0975,0.0999
K2-87 b,K2-87,1.16,0.1192,0.0792,0.1592,9.726618,9.726563,9.726673,0.094,0.093,0.095
K2-90 b,K2-90,0.63,0.028,0.0201,0.0359,13.733314,13.733223,13.733405,0.096,0.095,0.097
K2-95 b,K2-95,0.44,1.67,0.84,2.5,10.134016,10.1328785,10.1351535,0.0696,0.069,0.0702
K2-97 b,K2-97,1.2,1.1,0.99,1.21,8.406726,8.404881,8.408571,0.086,0.0849,0.0871
K2-98 b,K2-98,1.2,0.101,0.076,0.126,10.136448,10.135848,10.137048,0.0974,0.0965,0.0983
K2-99 b,K2-99,1.63,0.87,0.85,0.89,18.24783,18.2478,18.24786,0.153,0.152,0.154
kappa And b,kappa And,2.8,13,6,20,215000,115000,315000,100,63.5,136.5
KELT-1 b,KELT-1,1.335,27.23,26.74,27.72,1.217514,1.217499,1.217529,0.02472,0.02433,0.02511
KELT-10 b,KELT-10,1.112,0.679,0.64,0.718,4.166285,4.166228,4.166342,0.0525,0.051585,0.053415
KELT-11 b,KELT-11,1.438,0.195,0.176,0.214,4.736529,4.7364655,4.7365925,0.06229,0.06147,0.06311
KELT-15 b,KELT-15,1.181,0.92,0.69,1.15,3.329441,3.329425,3.329457,0.04613,0.04548,0.04678
KELT-16 b,KELT-16,1.211,2.75,2.595,2.905,0.9689951,0.9689931,0.9689971,0.02044,0.02019,0.02069
KELT-17 b,KELT-17,1.635,1.31,1.02,1.6,3.0801716,3.0801663,3.0801769,0.04881,0.04818,0.04944
KELT-18 b,KELT-18,1.524,1.18,1.07,1.29,2.8717518,2.871749,2.8717546,0.0455,0.04481,0.04619
KELT-2 A b,KELT-2 A,1.31,1.486,1.398,1.574,4.1137914,4.1137814,4.1138014,0.05498,0.05458,0.05538
KELT-21 b,KELT-21,1.458,3.91,1.96,5.86,3.6127647,3.6127614,3.612768,0.05224,0.05189,0.05259
KELT-22A b,Kelt-22A,1.05,3.69,3.51,3.87,1.38665318,1.38665291,1.38665345,0.0248,0.0242,0.0254
KELT-23A b,KELT-23A,0.942,0.938,0.892,0.984,2.255251,2.255131,2.255371,0.03302,0.03234,0.0337
KELT-25 b,KELT-25,2.18,21,-10.5,52.5,4.401131,4.401072,4.40119,0.0681,0.06695,0.06925
KELT-3 b,KELT-3,1.282,1.418,1.348,1.488,2.7033902,2.7033802,2.7034002,0.04117,0.0405,0.04184
KELT-4 A b,KELT-4 A,1.204,0.884,0.814,0.954,2.9895933,2.9895884,2.9895982,0.04321,0.0424,0.04402
KELT-6 b,KELT-6,1.126,0.442,0.423,0.461,7.845582,7.8455813,7.8455827,0.08,0.079,0.081
KELT-7 b,KELT-7,1.535,1.24,1.06,1.42,2.734784,2.734775,2.734793,0.0446,0.0433,0.0459
KELT-8 b,KELT-8,1.211,0.874,0.8065,0.9415,3.24406,3.2439,3.24422,0.04571,0.04481,0.04661
Kepler-10 b,Kepler-10,0.91,0.0145,0.0102,0.0188,0.837491,0.837489,0.837493,0.0172,0.015955,0.018445
Kepler-10 c,Kepler-10,0.91,0.02319,0.019245,0.027135,45.2946,45.2938,45.2954,0.241,0.2391,0.2429
Kepler-101 b,Kepler-101,1.17,0.16,0.145,0.175,3.4876812,3.4876742,3.4876882,0.0474,0.0465,0.0483
Kepler-105 b,Kepler-105,0.96,0.016,-0.00035,0.03235,5.4122,5.41218,5.41222,0.066,0.063,0.069
Kepler-107 b,Kepler-107,1.24,0.01104,0.00626,0.01582,3.1800218,3.1800189,3.1800247,0.04544,0.04509,0.04579
Kepler-107 c,Kepler-107,1.24,0.02954,0.02397,0.03511,4.901452,4.901442,4.901462,0.06064,0.06017,0.06111
Kepler-107 e,Kepler-107,1.24,0.02706,0.01573,0.03839,14.749143,14.749124,14.749162,0.12639,0.1254,0.12738
Kepler-11 b,Kepler-11,0.96,0.006,0.0025,0.0095,10.3039,10.3031,10.3047,0.091,0.088,0.094
Kepler-11 c,Kepler-11,0.96,0.009,0.002,0.016,13.0241,13.02305,13.02515,0.107,0.106,0.108
Kepler-11 d,Kepler-11,0.96,0.023,0.019,0.027,22.6845,22.6836,22.6854,0.155,0.154,0.156
Kepler-11 e,Kepler-11,0.96,0.025,0.019,0.031,31.9996,31.9986,32.0006,0.195,0.193,0.197
Kepler-11 f,Kepler-11,0.96,0.006,0.003,0.009,46.6888,46.68585,46.69175,0.25,0.241,0.259
Kepler-117 b,Kepler-117,1.13,0.094,0.061,0.127,18.7959228,18.7959153,18.7959303,0.1445,0.14145,0.14755
Kepler-117 c,Kepler-117,1.13,1.84,1.66,2.02,50.790391,50.790377,50.790405,0.2804,0.2744,0.2864
Kepler-12 b,Kepler-12,1.17,0.432,0.38,0.484,4.4379629,4.4379623,4.4379635,0.0553,0.0542,0.0564
Kepler-15 b,Kepler-15,1.02,0.66,0.57,0.75,4.942782,4.9427807,4.9427833,0.05714,0.05621,0.05807
Kepler-1514 b,Kepler-1514,1.2,5.28,5.06,5.5,217.83184,217.83172,217.83196,0.753,0.739,0.767
Kepler-16 (AB) b,Kepler-16 (AB),0.8499,0.333,0.317,0.349,228.776,228.739,228.813,0.7048,0.7038,0.7058
Kepler-1647 (AB) b,Kepler-1647 (AB),2.1885,1.52,0.87,2.17,1107.5923,1107.5696,1107.615,2.7205,2.7135,2.7275
Kepler-1655 b,Kepler-1655,1.03,0.01573,0.00645,0.02501,11.8728787,11.8728702,11.8728872,0.103,0.102,0.104
Kepler-1656 b,Kepler-1656,1.03,0.1504,0.13545,0.16535,31.562,31.452,31.672,0.1974,0.1948,0.2
Kepler-1656 c,Kepler-1656,1.03,0.3977,0.3067,0.4887,1919,1893.5,1944.5,3.053,3.003,3.103
Kepler-167 d,Kepler-167,0.77,0.006,0.003,0.009,21.803855,21.8037565,21.8039535,0.1405,0.13445,0.14655
Kepler-167 e,Kepler-167,0.77,4,-20.85,28.85,1071.23228,1071.23172,1071.23284,1.89,1.8225,1.9575
Kepler-17 b,Kepler-17,1.16,2.45,2.436,2.464,1.4857108,1.4857106,1.485711,0.02591,0.02554,0.02628
Exomoon Kepler-1708 b-i,Kepler-1708,1.088,0.116,0.058,0.174,4.6,2.15,7.05,0.05,0.036,0.064
Kepler-1708 b,Kepler-1708,1.088,4.6,2.3,6.9,737.1131,737.10852,737.11768,1.64,1.54,1.74
Kepler-18 b,Kepler-18,0.97,0.022,0.011,0.033,3.504725,3.504697,3.504753,0.0447,0.0441,0.0453
Kepler-18 c,Kepler-18,0.97,0.054,0.048,0.06,7.64159,7.64156,7.64162,0.0752,0.0741,0.0763
Kepler-18 d,Kepler-18,0.97,0.052,0.048,0.056,14.85888,14.85884,14.85892,0.1172,0.1155,0.1189
Kepler-19 b,Kepler-19,0.94,0.02643,0.021555,0.031305,9.28716,9.28711,9.28721,0.085,0.08395,0.08605
Kepler-20 b,Kepler-20,0.95,0.03052,0.026035,0.035005,3.69611525,3.69611424,3.69611626,0.0463,0.0451,0.0475
Kepler-20 c,Kepler-20,0.95,0.04012,0.03318,0.04706,10.85409089,10.85408808,10.85409371,0.0949,0.0924,0.0974
Kepler-20 d,Kepler-20,0.95,0.03168,0.01963,0.04373,77.61130017,77.61118071,77.61141964,0.3506,0.3415,0.3597
Kepler-21 b,Kepler-21,1.41,0.01598,0.01057,0.02139,2.78578,2.78575,2.78581,0.042717,0.042717,0.042717
Kepler-289 b,Kepler-289,1.08,0.023,0.002,0.044,34.545,34.5445,34.5455,0.21,0.2,0.22
Kepler-289 c,Kepler-289,1.08,0.42,0.37,0.47,125.8518,125.8442,125.8594,0.51,0.48,0.54
Kepler-289 d,Kepler-289,1.08,0.013,0.01,0.016,66.0634,66.052,66.0748,0.33,0.31,0.35
Kepler-34 (AB) b,Kepler-34 (AB),2.0687,0.22,0.209,0.231,288.822,288.741,288.903,1.0896,1.0887,1.0905
Kepler-35 (AB) b,Kepler-35 (AB),1.6971,0.1268,0.1067,0.1469,131.458,131.353,131.563,0.60347,0.60244,0.6045
Kepler-36 b,Kepler-36,1.03,0.01205,0.01172,0.01238,13.86825,13.86775,13.86875,0.1153,0.1138,0.1168
Kepler-36 c,Kepler-36,1.03,0.02243,0.02186,0.023,16.21865,16.21855,16.21875,0.1283,0.1267,0.1299
Kepler-37 b,Kepler-37,0.87,0.01,0,0.02,13.36731,13.367239,13.367381,0.1003,0.09935,0.10125
Kepler-38 (AB) b,Kepler-38 A,0.949,0.38,0.19,0.57,105.595,105.557,105.633,0.4644,0.4562,0.4726
Kepler-39 b,Kepler-39,1.29,20.1,18.8,21.4,21.08721,21.087173,21.087247,0.164,0.161,0.167
Kepler-4 b,Kepler-4,1.22,0.077,0.065,0.089,3.21346,3.21324,3.21368,0.0456,0.0447,0.0465
Kepler-40 b,Kepler-40,1.48,2.2,1.8,2.6,6.87349,6.87285,6.87413,0.08,0.077,0.083
Kepler-41 b,Kepler-41,1.15,0.56,0.48,0.64,1.8555582,1.85555768,1.85555872,0.03101,0.03061,0.03141
Kepler-411 b,Kepler-411,0.87,0.08055,0.07237,0.08873,3.005156,3.005154,3.005158,0.0375,0.0367,0.0383
Kepler-411 c,Kepler-411,0.87,0.08306,0.0645,0.10162,7.834435,7.834433,7.834437,0.0739,0.0729,0.0749
Kepler-411 d,Kepler-411,0.87,0.04782,0.03177,0.06387,58.02035,58.01979,58.02091,0.279,0.275,0.283
Kepler-411 e,Kepler-411,0.87,0.03398,0.03052,0.03744,31.509728,31.509643,31.509813,0.186,0.183,0.189
Kepler-412 b,Kepler-412,1.17,0.941,0.869,1.013,1.7208604,1.7208601,1.7208607,0.02897,0.028045,0.029895
Kepler-419 b,Kepler-419,1.39,2.5,2.2,2.8,69.7546,69.7538,69.7554,0.37,0.3635,0.3765
Kepler-419 c,Kepler-419,1.39,7.3,6.9,7.7,675.47,675.36,675.58,1.68,1.5,1.86
Kepler-422 b,Kepler-422,1.15,0.43,0.3,0.56,7.8914483,7.891447795,7.891448805,0.082,0.0715,0.0925
Kepler-423 b,Kepler-423,0.85,0.595,0.514,0.676,2.6843285,2.684328418,2.684328582,0.03585,0.03502,0.03668
Kepler-424 b,Kepler-424,1.01,1.03,0.9,1.16,3.3118644,3.31186401,3.31186479,0.044,0.0395,0.0485
Kepler-425 b,Kepler-425,0.93,0.25,0.17,0.33,3.79701816,3.79701797,3.79701835,0.0464,0.0456,0.0472
Kepler-426 b,Kepler-426,0.91,0.34,0.26,0.42,3.21751883,3.21751864,3.21751902,0.0414,0.0404,0.0424
Kepler-427 b,Kepler-427,0.96,0.29,0.2,0.38,10.290994,10.2909929,10.2909951,0.091,0.081,0.101
Kepler-428 b,Kepler-428,0.87,1.27,1.08,1.46,3.52563254,3.52563239,3.52563269,0.0433,0.0424,0.0442
Kepler-43 b,Kepler-43,1.32,3.23,3.04,3.42,3.0240949,3.0240943,3.0240955,0.046,0.04345,0.04855
Kepler-432 b,Kepler-432,1.32,5.41,5.16,5.66,52.501129,52.501069,52.501189,0.301,0.2875,0.3145
Kepler-433 b,Kepler-433,1.46,2.82,2.3,3.34,5.33408384,5.33408274,5.33408494,0.0679,0.0652,0.0706
Kepler-434 b,Kepler-434,1.2,2.86,2.51,3.21,12.8747099,12.8747049,12.8747149,0.1143,0.1113,0.1173
Kepler-435 b,Kepler-435,1.54,0.84,0.69,0.99,8.6001536,8.6001518,8.6001554,0.0948,0.093,0.0966
Kepler-44 b,Kepler-44,1.12,1,0.9,1.1,3.2467293,3.2467263,3.2467323,0.0446,0.0435,0.0457
Kepler-447 b,Kepler-447,1,1.37,0.9,1.84,7.79430132,7.7942995,7.79430314,0.0769,0.06985,0.08395
Kepler-454 b,Kepler-454,0.85,0.01905,0.0143,0.0238,10.57,10.56999993,10.57000007,0.0954,0.0942,0.0966
Kepler-46 b,Kepler-46,0.902,6,3,9,33.60134,33.60113,33.60155,0.1968,0.19395,0.19965
Kepler-46 c,Kepler-46,0.902,0.376,0.356,0.396,57.011,56.955,57.067,0.2799,0.2758,0.284
Kepler-47 (AB) d,Kepler-47 A,1.043,0.05984,0.00399,0.11569,187.35,187.2,187.5,0.6992,0.6959,0.7025
Kepler-492 b,Kepler-492,0.94,39.9,38.9,40.9,11.72012266,11.72012113,11.72012419,0.0987,0.0974,0.1
Kepler-5 b,Kepler-5,1.37,2.111,2.0345,2.1875,3.5484657,3.548465,3.5484664,0.0538,0.052,0.0556
Kepler-50 b,Kepler-50,1.24,0.1,0.05,0.15,7.81254,7.81244,7.81264,0.077,0.061,0.093
Kepler-50 c,Kepler-50,1.24,0.11,0.055,0.165,9.37647,9.37643,9.37651,0.087,0.0685,0.1055
Kepler-51 b,Kepler-51,1.04,0.007,0.003,0.011,45.154,45.1538,45.1542,0.2514,0.2417,0.2611
Kepler-51 c,Kepler-51,1.04,0.013,0.012,0.014,85.312,85.3095,85.3145,0.384,0.369,0.399
Kepler-51 d,Kepler-51,1.04,0.024,0.021,0.027,130.194,130.1905,130.1975,0.509,0.489,0.529
Kepler-538 b,Kepler-538,0.89,0.03335,0.02564,0.04106,81.73778,81.73765,81.73791,0.4669,0.45805,0.47575
Kepler-539 b,Kepler-539,1.05,0.97,0.68,1.26,125.63243,125.63172,125.63314,0.4988,0.4934,0.5042
Kepler-539 c,Kepler-539,1.05,2.4,1.2,3.6,1000,1000,1000,2.42,1.915,2.925
Kepler-56 b,Kepler-56,1.32,0.07,0.058,0.082,10.5016,10.5005,10.5027,0.1028,0.0991,0.1065
Kepler-56 c,Kepler-56,1.32,0.57,0.507,0.633,21.40239,21.40177,21.40301,0.1652,0.1593,0.1711
Kepler-6 b,Kepler-6,1.21,0.668,0.6315,0.7045,3.2346996,3.2346992,3.2347,0.04852,0.047485,0.049555
Kepler-62 d,Kepler-62,0.69,0.044,0.022,0.066,18.16406,18.16404,18.16408,0.12,0.119,0.121
Kepler-62 e,Kepler-62,0.69,0.113,0.0565,0.1695,122.3874,122.3866,122.3882,0.427,0.423,0.431
Kepler-62 f,Kepler-62,0.69,0.11,0.055,0.165,267.291,267.286,267.296,0.718,0.711,0.725
Kepler-64 (AB) b,Kepler-64 (AB),1.93,0.53,0.265,0.795,138.506,138.406,138.606,0.634,0.623,0.645
Kepler-65 d,Kepler-65,1.25,0.034,0.017,0.051,8.13123,8.13121,8.13125,0.084,0.08,0.088
Kepler-7 b,Kepler-7,1.36,0.441,0.3985,0.4835,4.8854892,4.8854883,4.8854901,0.06067,0.06008,0.06126
Kepler-74 b,Kepler-74,1.18,0.63,0.51,0.75,7.340711,7.340705,7.340717,0.0781,0.0774,0.0788
Kepler-75 b,Kepler-75,0.91,10.1,9.7,10.5,8.8849116,8.8849082,8.884915,0.0818,0.0806,0.083
Kepler-76 b,Kepler-76,1.2,2.01,1.65,2.37,1.5449298,1.5449294,1.5449302,0.0274,0.02545,0.02935
Kepler-77 b,Kepler-77,0.95,0.43,0.398,0.462,3.57878087,3.57878064,3.5787811,0.04501,0.04438,0.04564
Kepler-78 b,Kepler-78,0.84,0.00619,0.00451,0.00787,0.35500744,0.35500738,0.3550075,0.01,0.00325,0.01675
Kepler-79 b,Kepler-79,1.17,0.0343,0.0133,0.0553,13.4845,13.4843,13.4847,0.117,0.115,0.119
Kepler-79 c,Kepler-79,1.17,0.019,0.0124,0.0256,27.4029,27.4022,27.4036,0.187,0.1845,0.1895
Kepler-79 d,Kepler-79,1.17,0.019,0.0132,0.0248,52.0902,52.0892,52.0912,0.287,0.283,0.291
Kepler-79 e,Kepler-79,1.17,0.013,0.00935,0.01665,81.0659,81.0646,81.0672,0.386,0.381,0.391
Kepler-8 b,Kepler-8,1.21,0.59,0.465,0.715,3.5224991,3.5224984,3.5224998,0.0474,0.04545,0.04935
Kepler-80 b,Kepler-80,0.73,0.0218,0.01905,0.02455,7.05246,7.05225,7.05267,0.0648,0.0639,0.0657
Kepler-80 c,Kepler-80,0.73,0.02121,0.01792,0.0245,9.52355,9.5232,9.5239,0.0792,0.0781,0.0803
Kepler-80 d,Kepler-80,0.73,0.02124,0.019355,0.023125,3.07222,3.07217,3.07227,0.0372,0.0367,0.0377
Kepler-80 e,Kepler-80,0.73,0.01299,0.01022,0.01576,4.64489,4.644695,4.645085,0.0491,0.0484,0.0498
Kepler-82 b,Kepler-82,0.91,0.03823,0.03535,0.04111,26.44,25.96,26.92,0.1683,0.1663,0.1703
Kepler-82 c,Kepler-82,0.91,0.04373,0.039795,0.047665,51.54,50.6,52.48,0.2626,0.2594,0.2658
Kepler-82 f,Kepler-82,0.91,0.06576,0.06261,0.06891,75.732,75.72,75.744,0.3395,0.3354,0.3436
Kepler-86 b,Kepler-86,0.94,0.34235,0.24485,0.43985,282.5254,282.5253,282.5255,0.824,0.805,0.843
Kepler-87 b,Kepler-87,1.1,1.02,0.86,1.18,114.73635,114.7362,114.7365,0.481,0.454,0.508
Kepler-87 c,Kepler-87,1.1,0.02,0.017,0.023,191.2318,191.2303,191.2333,0.676,0.6375,0.7145
Kepler-9 b,Kepler-9,1.02,0.13655,0.13089,0.14221,19.23891,19.23885,19.23897,0.143,0.142,0.144
Kepler-9 c,Kepler-9,1.02,0.09408,0.090305,0.097855,38.9853,38.985,38.9856,0.227,0.217,0.237
Kepler-9 d,Kepler-9,1.02,0.016518264,0.011012176,0.022024353,1.592851,1.592806,1.592896,0.0273,0.026875,0.027725
Kepler-91 b,Kepler-91,1.31,0.81,0.635,0.985,6.24658,6.246498,6.246662,0.0731,0.06985,0.07635
Kepler-93 b,Kepler-93,1.09,0.0143,0.01163,0.01697,4.72674,4.726739,4.726741,0.053,0.051,0.055
KOI-12 b,KOI-12,1.5,1.1,-1.05,3.25,17.855182,17.855175,17.855189,0.154,0.1505,0.1575
Kepler-448 c,KOI-12,1.5,22,16,28,2500,950,4050,4.2,2.55,5.85
KOI-1257 b,KOI-1257,0.99,1.45,1.1,1.8,86.647661,86.647627,86.647695,0.382,0.376,0.388
KOI-13 b,KOI-13,1.72,9.28,9.12,9.44,1.763588,1.763587,1.763589,0.03641,0.03554,0.03728
KOI-142 c,KOI-142,0.99,0.674,0.658,0.69,22.26492,22.26425,22.26559,0.1529,0.1508,0.155
Kepler-88 d,KOI-142,0.99,3.05,2.89,3.21,1403,1389,1417,2.464,2.429,2.499
KOI-3680 b,KOI-3680,1.01,1.93,1.73,2.13,141.241671,141.241585,141.241757,0.534,0.513,0.555
KOI-415 b,KOI-415,0.94,62.14,59.45,64.83,166.78805,166.78783,166.78827,0.593,0.58,0.606
KOI-4777,KOI-4777,0.41,0.00107,0.00055,0.00159,0.412,0.411999,0.412001,0.008,0.0077,0.0083
Kepler-89 b,KOI-94,1.28,0.033,0.019,0.047,3.743208,3.743193,3.743223,0.05119,0.05052,0.05186
Kepler-89 c,KOI-94,1.28,0.049,0.0155,0.0825,10.423648,10.423632,10.423664,0.1013,0.1,0.1026
Kepler-89 d,KOI-94,1.28,0.334,0.299,0.369,22.342989,22.3429823,22.3429957,0.1684,0.1662,0.1706
Kepler-89 e,KOI-94,1.28,0.11,0.0375,0.1825,54.32031,54.32019,54.32043,0.3046,0.3006,0.3086
KOI-984 b,KOI-984,0.928,0.0544,0.0454,0.0634,4.2881785,4.288175,4.288182,0.0504,0.0498,0.051
KOI-984 c,KOI-984,0.928,0.6601,0.5341,0.7861,21.512,21.5116,21.5124,0.1467,0.1452,0.1482
KPS-1 b,KPS-1,0.892,1.09,1.003,1.177,1.706291,1.706231,1.706351,0.0269,0.0259,0.0279
L 168-9 b,L 168-9,0.62,0.0145,0.01274,0.01626,1.4015,1.40132,1.40168,0.02091,0.02067,0.02115
L 98-59 b,L 98-59,0.32,0.0013,0.0008,0.0018,2.2531136,2.25311225,2.25311495,0.02191,0.02109,0.02273
L 98-59 c,L 98-59,0.32,0.00698,0.00616,0.0078,3.6906777,3.6906756,3.6906798,0.0304,0.0292,0.0316
L 98-59 d,L 98-59,0.32,0.0061,0.00522,0.00698,7.4507245,7.4507182,7.4507308,0.0486,0.0467,0.0505
LHS 1140 b,LHS 1140,0.146,0.02196,0.01916,0.02476,24.736,24.73575,24.73625,0.0936,0.0912,0.096
LHS 1140 c,LHS 1140,0.146,0.00569,0.00446,0.00692,3.777931,3.777928,3.777934,0.02675,0.02605,0.02745
LHS 1478 b,LHS 1478,0.236,0.00733,0.00673,0.00793,1.9495378,1.9495337,1.9495419,0.01848,0.01785,0.01911
LHS 1610 b,LHS 1610,0.17,52,48,56,10.5918,10.589,10.5946,0.0563,0.0543,0.0583
LHS 1678 b,LHS 1678,0.345,0.00019,-0.000055,0.000435,0.8602322,0.8602254,0.860239,0.01251,0.01192,0.0131
LHS 1678 c,LHS 1678,0.345,0.00123,-6.00E-05,0.00252,3.694237,3.6942346,3.6942394,0.0331,0.0315,0.0347
LHS 1815 b,LHS 1815,0.502,0.0132,0.0085,0.0179,3.81433,3.8143,3.81436,0.0404,0.031,0.0498
LHS 2397a B,LHS 2397a A,0.0839,64,49,79,5194,5154,5234,3.09,2.99,3.19
LKCA 15 b,LKCA 15,0.97,6,5,7,40000,40000,40000,15.7,13.6,17.8
LP 714-47 b,LP 714-47,0.59,0.0969,0.0922,0.1016,4.052037,4.052033,4.052041,0.0417,0.0412,0.0422
LP 890-9 b,LP 890-9,0.118,0.0415,0.02075,0.06225,2.7299025,2.7298988,2.7299062,0.01875,0.01865,0.01885
LP 890-9 c,LP 890-9,0.118,0.0796,0,0.1592,8.457463,8.457439,8.457487,0.03984,0.03962,0.04006
LTT 1445A b,LTT 1445A,0.256,0.00903,0.00821,0.00985,5.3587657,5.3587614,5.35877,0.03813,0.03743,0.03883
LTT 1445A c,LTT 1445A,0.256,0.00485,0.00425,0.00545,3.1239035,3.1238675,3.1239395,0.0266,0.0261,0.0271
LTT 9779 b,LTT 9779,1,0.09225,0.08975,0.09475,0.792052,0.7920427,0.7920613,0.01679,0.01665,0.01693
Lupus-TR-3 b,Lupus-TR-3,0.87,0.81,0.63,0.99,3.91405,3.91401,3.91409,0.0464,0.0457,0.0471
MASCARA-1 b,MASCARA-1,1.72,3.7,2.8,4.6,2.14878,2.148772,2.148788,0.043,0.038,0.048
MASCARA-2 b/KELT-20 b,MASCARA-2,1.89,3.518,1.7595,5.2765,3.4741085,3.4741066,3.4741104,0.0542,0.05245,0.05595
MOA-2009-BLG-266L b,MOA-2009-BLG-266L,0.56,0.0327,0.0277,0.0377,2780,2280,3280,3.2,2.7,3.7
MOA-2009-BLG-387L b,MOA-2009-BLG-387L,0.19,2.6,-0.25,5.45,1970,1968.4,1971.6,1.8,1.1,2.5
NGTS-1 b,NGTS-1,0.617,0.812,0.7665,0.8575,2.647298,2.647098,2.647498,0.0326,0.0279,0.0373
NGTS-10 b,NGTS-10,0.696,2.162,2.0625,2.2615,0.7668944,0.7668941,0.7668947,0.0143,0.0133,0.0153
NGTS-11 b,NGTS-11,0.862,0.37,0.23,0.51,35.455285,35.455085,35.455485,0.2,0.1979,0.2021
NGTS-12 b,NGTS-12,1.021,0.208,0.186,0.23,7.532806,7.532758,7.532854,0.0757,0.0743,0.0771
NGTS-13 b,NGTS-13,1.3,4.84,4.4,5.28,4.119027,4.119004,4.11905,0.0549,0.05275,0.05705
NGTS-14A b,NGTS-14A,0.898,0.092,0.08,0.104,3.5357173,3.53571661,3.53571799,0.0403,0.0332,0.0474
NGTS-15 b,NGTS-15,0.995,0.751,0.656,0.846,3.27623,3.27622,3.27624,0.0441,0.0395,0.0487
NGTS-16 b,NGTS-16,1.002,0.667,0.522,0.812,4.84532,4.8453,4.84534,0.0523,0.0459,0.0587
NGTS-17 b,NGTS-17,1.025,0.764,0.5845,0.9435,3.24253,3.24252,3.24254,0.0391,0.0348,0.0434
NGTS-18 b,NGTS-18,1.003,0.409,0.337,0.481,3.05125,3.05124,3.05126,0.0448,0.038,0.0516
NGTS-2 b,NGTS-2,1.64,0.67,0.581,0.759,4.5111204,4.5111186,4.5111222,0.0584,0.0573,0.0595
NGTS-20 b,NGTS-20,1.47,2.98,2.82,3.14,54.18915,54.189,54.1893,0.313,0.3,0.326
NGTS-21 b,NGTS-21,0.72,2.36,2.15,2.57,1.5433897,1.5433881,1.5433913,0.0236,0.0231,0.0241
NGTS-23 b,NGTS-23,1.01,0.613,0.513,0.713,4.076,4.0759959,4.0760041,0.0504,0.0384,0.0624
NGTS-24 b,NGTS-24,1.26,0.52,0.4,0.64,3.4678796,3.4678726,3.4678866,0.0479,0.0449,0.0509
NGTS-25 b,NGTS-25,0.91,0.639,0.584,0.694,2.823093,2.8230897,2.8230963,0.0388,0.0371,0.0405
NGTS-3A b,NGTS-3A,1.017,2.38,2.12,2.64,1.6753728,1.6753698,1.6753758,0.023,0.01745,0.02855
NGTS-4 b,NGTS-4,0.75,0.0648,0.0558,0.0738,1.3373508,1.3373428,1.3373588,0.019,0.014,0.024
NGTS-5 b,NGTS-5,0.661,0.229,0.192,0.266,3.3569866,3.356984,3.3569892,0.0382,0.0369,0.0395
NGTS-6 b,NGTS-6,0.7876,1.33,1.304,1.356,0.882058,0.882057,0.882059,0.016623018,0.016623008,0.016623028
NGTS-8 b,NGTS-8,0.89,0.93,0.89,0.97,2.4997,2.49969,2.49971,0.035,0.034,0.036
NGTS-9 b,NGTS-9,1.34,2.9,2.73,3.07,4.43527,4.43525,4.43529,0.058,0.055,0.061
NLTT 41135 b,NLTT 41135,0.188,33.7,30.9,36.5,2.889475,2.88945,2.8895,0.024,0.023,0.025
NLTT 5306 b,NLTT 5306,0.44,56,53,59,0.07,0.0697,0.0703,0.00263,0.00261,0.00265
NN Ser (AB) c,NN Ser (AB),0.646,6.91,6.37,7.45,5660,5495,5825,5.38,5.18,5.58
NN Ser (AB) d,NN Ser (AB),0.646,2.28,1.9,2.66,2830,2700,2960,3.39,3.29,3.49
OGLE-2005-071L b,OGLE-2005-071L,0.46,3.5,3.2,3.8,3600,3600,3600,3.6,3.4,3.8
OGLE-2006-109L b,OGLE-2006-109L,0.51,0.727,0.667,0.787,1790,1242,2338,2.3,1.8,2.8
OGLE-2006-109L c,OGLE-2006-109L,0.51,0.271,0.249,0.293,4931,3181,6681,4.5,3.5,5.5
OGLE-2016-BLG-1190L b,OGLE-2016-BLG-1190L,0.88,13.38,12.53,14.23,1223.6,125.6,2321.6,2.17,1.045,3.295
OGLE-2018-BLG-0740L b,OGLE-2018-BLG-0740L,1,4.5,3.9,5.1,3100,2415,3785,4.2,3.6,4.8
OGLE-TR-10 b,OGLE-TR-10,1.18,0.68,0.53,0.83,3.10129,3.10128,3.1013,0.04162,0.04158,0.04166
OGLE-TR-111 b,OGLE-TR-111,0.82,0.54,0.44,0.64,4.01451,4.0145059,4.0145141,0.047,0.046,0.048
OGLE-TR-113 b,OGLE-TR-113,0.78,1.24,1.07,1.41,1.4324772,1.432476,1.4324784,0.0229,0.0227,0.0231
OGLE-TR-132 b,OGLE-TR-132,1.26,1.17,1.03,1.31,1.689868,1.689865,1.689871,0.0306,0.0298,0.0314
OGLE-TR-182 b,OGLE-TR-182,1.14,1.06,0.91,1.21,3.9791,3.97909,3.97911,0.051,0.05,0.052
OGLE-TR-211 b,OGLE-TR-211,1.33,0.75,0.6,0.9,3.67724,3.67721,3.67727,0.051,0.05,0.052
OGLE-TR-56 b,OGLE-TR-56,1.17,1.3,1.22,1.38,1.211909,1.211908,1.21191,0.0225,0.0221,0.0229
OGLE2-TR-L9 b,OGLE2-TR-L9,1.42,4.34,2.86,5.82,2.4855335,2.4855328,2.4855342,0.0404,0.0393,0.0415
PDS 70 b,PDS 70,0.76,7,5,9,45108,42423,47793,22.7,21.45,23.95
PDS 70 c,PDS 70,0.76,4.4,3.3,5.5,69945,61309.5,78580.5,30.2,28,32.4
pi Men b,pi Men,1.094,12.6,10.6,14.6,2088.33,2087.99,2088.67,3.308,3.269,3.347
pi Men c,pi Men,1.094,0.01142,0.01022,0.01262,6.267852,6.267836,6.267868,0.06702,0.06652,0.06752
POTS-1 b,POTS-1,0.695,2.31,1.54,3.08,3.1606296,3.16062803,3.16063117,0.03734,0.03644,0.03824
PSR B1620-26 (AB) b,PSR B1620-26 (AB),1.35,2.5,1.5,3.5,36525,36525,36525,23,23,23
Qatar-1 b,Qatar-1,0.838,1.294,1.2445,1.3435,1.42002504,1.42002433,1.42002575,0.02332,0.02296,0.02368
Qatar-10 b,Qatar-10,1.156,0.736,0.646,0.826,1.645321,1.645311,1.645331,0.0286,0.028,0.0292
Qatar-2 b,Qatar-2,0.74,2.494,2.44,2.548,1.33711647,1.33711621,1.33711673,0.02153,0.02133,0.02173
Qatar-3 b,Qatar-3,1.145,4.31,3.84,4.78,2.5079204,2.5079105,2.5079303,0.03783,0.03714,0.03852
Qatar-4 b,Qatar-4,0.896,5.85,5.38,6.32,1.8053949,1.805385,1.8054048,0.02861,0.02813,0.02909
Qatar-5 b,Qatar-5,1.128,4.32,4.14,4.5,2.8792319,2.879222,2.8792418,0.04127,0.03457,0.04797
Qatar-6 A b,Qatar-6 A,0.822,0.668,0.602,0.734,3.506189,3.506169,3.506209,0.0423,0.0419,0.0427
Qatar-7 b,Qatar-7,1.409,1.88,1.63,2.13,2.032046,2.032036,2.032056,0.0352,0.035,0.0354
Qatar-8 b,Qatar-8,1.029,0.371,0.309,0.433,3.71495,3.71395,3.71595,0.0474,0.0466,0.0482
Qatar-9 b,Qatar-9,0.719,1.19,1.03,1.35,1.540731,1.540693,1.540769,0.0234,0.0204,0.0264
SDSS 1604+1000 b,SDSS 1604+1000,0.3,50,30,70,0.1433707,0.1433702,0.1433712,0.004,0.0036,0.0044
TIC 237913194 b,TIC 237913194,1.026,1.942,1.94,1.944,15.168865,15.168847,15.168883,0.1207,0.117,0.1244
TOI-1062 b,TOI-1062,0.94,0.032,0.029355,0.034645,4.11412,4.11262,4.11562,0.052,0.027,0.077
TOI-1064 b,TOI-1064,0.748,0.0425,0.0368,0.0482,6.443868,6.443843,6.443893,0.06152,0.06062,0.06242
TOI-1064 c,TOI-1064,0.748,0.0079,0.00205,0.01375,12.226574,12.2265295,12.2266185,0.09429,0.09295,0.09563
TOI-1075 b,TOI-1075,0.6,0.03131,0.02712,0.0355,0.6047328,0.6047296,0.604736,0.0118,0.0117,0.0119
TOI-1107 b,TOI-1107,1.35,3.35,3.17,3.53,4.0782387,4.0782362,4.0782412,0.0561,0.0536,0.0586
TOI-1130 c,TOI-1130,0.684,0.974,0.9305,1.0175,8.350381,8.350348,8.350414,0.07098,0.0704,0.07156
TOI-1201 b,TOI-1201,0.512,0.01976,0.01699,0.02253,2.4919863,2.4919832,2.4919894,0.0287,0.0275,0.0299
TOI-122 b,TOI-122,0.312,0.0277,0.0088,0.0466,5.07803,5.078015,5.078045,0.0392,0.0385,0.0399
TOI-1221 b,TOI-1221,1.03,3.5,1.75,5.25,91.68278,91.682415,91.683145,0.39,0.37,0.41
TOI-1231 b,TOI-1231,0.485,0.0485,0.0381,0.0589,24.245586,24.24552,24.245652,0.1288,0.1266,0.131
TOI-1235 b,TOI-1235,0.63,0.0186,0.01665,0.02055,3.444717,3.444675,3.444759,0.03826,0.03777,0.03875
TOI-1238 b,TOI-1238,0.59,0.01183,0.008335,0.015325,0.764597,0.764584,0.76461,0.0139,0.0131,0.0147
TOI-1238 c,TOI-1238,0.59,0.02618,0.02018,0.03218,3.294736,3.2947,3.294772,0.037,0.035,0.039
TOI-1246 b,TOI-1246,0.87,0.0255,0.022,0.029,4.30744,4.30742,4.30746,0.049,0.047,0.051
TOI-1246 c,TOI-1246,0.87,0.0277,0.0239,0.0315,5.904144,5.904061,5.904227,0.061,0.059,0.063
TOI-1246 d,TOI-1246,0.87,0.0167,0.0114,0.022,18.6559,18.65542,18.65638,0.131,0.127,0.135
TOI-1246 e,TOI-1246,0.87,0.0466,0.0394,0.0538,37.9216,37.9206,37.9226,0.211,0.204,0.218
TOI-125 b,TOI-125,0.859,0.0299,0.02713,0.03267,4.65382,4.6535,4.65414,0.05186,0.051045,0.052675
TOI-125 c,TOI-125,0.859,0.02086,0.01775,0.02397,9.15059,9.14983,9.15135,0.0814,0.0801,0.0827
TOI-125 d,TOI-125,0.859,0.0428,0.039,0.0466,19.98,19.9747,19.9853,0.137,0.1348,0.1392
TOI-1259A b,TOI-1259A,0.68,0.441,0.392,0.49,3.47798,3.4779781,3.4779819,0.0407,0.03956,0.04184
TOI-1260 b,TOI-1260,0.66,0.02693,0.02208,0.03178,3.127463,3.127458,3.127468,0.0367,0.0356,0.0378
TOI-1260 c,TOI-1260,0.66,0.0415,0.02819,0.05481,7.493134,7.493114,7.493154,0.0657,0.0637,0.0677
TOI-1260 d,TOI-1260,0.66,0.03725,0.01275,0.06175,16.608,16.607917,16.608083,0.1116,0.1083,0.1149
TOI-1266 b,TOI-1266,0.45,0.05,0.025,0.075,10.894843,10.894773,10.894913,0.0736,0.0719,0.0753
TOI-1266 c,TOI-1266,0.45,0.0201,0.01005,0.03015,18.80151,18.80082,18.8022,0.1058,0.1034,0.1082
TOI-1268 b,TOI-1268,0.96,0.29,0.25,0.33,8.1577094,8.1577049,8.1577139,0.072,0.062,0.082
TOI-1278 b,TOI-1278,0.55,18.5,18,19,14.47567,14.47546,14.47588,0.095,0.094,0.096
TOI-1288 b,TOI-1288,0.89,42,39,45,2.6998,2.699796,2.699804,0.0429,0.0423,0.0435
TOI-1298 b,TOI-1298,1.44,0.356,0.324,0.388,4.537164,4.537152,4.537176,0.059,0.0567,0.0613
TOI-132 b,TOI-132,0.97,0.07183,0.06613,0.07753,2.1097008,2.1096888,2.1097128,0.026,0.0235,0.0285
TOI-1333 b,TOI-1333,1.464,2.37,2.13,2.61,4.720219,4.720208,4.72023,0.0626,0.0614,0.0638
TOI-1411 b,TOI-1411,0.59,0.0079,0.00285,0.01295,1.4520358,1.452026,1.4520456,0.023,0.0204,0.0256
TOI-1422 b,TOI-1422,0.981,0.028,0.022,0.034,12.9972,12.9966,12.9978,0.108,0.105,0.111
TOI-1431 b/MASCARA-5 b,TOI-1431/MASCARA-5,1.9,3.14,2.95,3.33,2.65022,2.65021,2.65023,0.047,0.045,0.049
TOI-1442 b,TOI-1442,0.29,0.005,0.00245,0.00755,0.41,0.4099997,0.4100003,0.0071,0.0069,0.0073
TOI-1452 b,TOI-1452,0.249,0.01517,0.01107,0.01927,11.06201,11.06199,11.06203,0.061,0.058,0.064
TOI-1468 b,TOI-1468,0.339,0.0101,0.00934,0.01086,1.8805136,1.880511,1.8805162,0.0208,0.0204,0.0212
TOI-1468 c,TOI-1468,0.339,0.02089,0.01875,0.02303,15.532482,15.532448,15.532516,0.0849,0.0833,0.0865
TOI-1478 b,TOI-1478,0.946,0.847,0.797,0.897,10.180249,10.180234,10.180264,0.0903,0.08875,0.09185
TOI-150 b,TOI-150,1.249,2.51,2.39,2.63,5.857487,5.857394,5.85758,0.0643,0.0616,0.067
TOI-1518 b,TOI-1518,1.79,2.3,1.15,3.45,1.902603,1.902592,1.902614,0.039,0.0379,0.0401
TOI-157 b,TOI-157,0.948,1.18,1.05,1.31,2.0845435,2.0845412,2.0845458,0.0318,0.03157,0.03203
TOI-1601 b,TOI-1601,1.517,0.99,0.88,1.1,5.331751,5.33174,5.331762,0.06864,0.06094,0.07634
TOI-163 b,TOI-163,1.4352,1.22,1.1,1.34,4.231306,4.231246,4.231366,0.058,0.0566,0.0594
TOI-1634 b,TOI-1634,0.502,0.01545,0.01325,0.01765,0.989343,0.989328,0.989358,0.01545,0.01531,0.01559
TOI-1670 b,TOI-1670,1.21,0.0434,0.01475,0.07205,10.98462,10.984135,10.985105,0.103,0.101,0.105
TOI-1670 c,TOI-1670,1.21,0.63,0.545,0.715,40.74976,40.7496435,40.7498765,0.249,0.244,0.254
TOI-169 b,TOI-169,1.147,0.791,0.729,0.853,2.2554477,2.2554414,2.255454,0.03524,0.0345,0.03598
TOI-1693 b,TOI-1693,0.49,0.0088,0.00385,0.01375,1.7666957,1.7666903,1.7667011,0.0226,0.0222,0.023
TOI-1695 b,TOI-1695,0.54,0.0182,0.0166,0.0198,3.1342788,3.134271,3.1342866,0.033548,0.033278,0.033818
TOI-1696 b,TOI-1696,0.255,0.1787,0.08935,0.26805,2.50031,2.50029,2.50033,0.0235,0.0229,0.0241
TOI-1710 b,TOI-1710,0.984,0.089,0.0742,0.1038,24.283429,24.283386,24.283472,0.16,0.12,0.2
TOI-172 b,TOI-172,1.124,5.41,5.21,5.61,9.47721,9.47651,9.47791,0.0913,0.0896,0.093
TOI-1728 b,TOI-1728,0.646,0.08426,0.06765,0.10087,3.49151,3.4914505,3.4915695,0.0391,0.0382,0.04
TOI-1749 b,TOI-1749,0.58,0.06,0.005,0.115,2.38839,2.387905,2.388875,0.0291,0.0286,0.0296
TOI-1749 c,TOI-1749,0.58,0.0066,-0.00485,0.01805,4.4929,4.48965,4.49615,0.0443,0.0435,0.0451
TOI-1749 d,TOI-1749,0.58,0.0135,-0.00175,0.02875,9.0497,9.04565,9.05375,0.0707,0.0695,0.0719
TOI-1759 b,TOI-1759,0.61,0.0214,0.0154,0.0274,18.849975,18.849969,18.849981,0.1176,0.1163,0.1189
TOI-178 b,TOI-178,0.65,0.00472,0.003415,0.006025,1.914558,1.91454,1.914576,0.02607,0.02529,0.02685
TOI-178 c,TOI-178,0.65,0.01501,0.013075,0.016945,3.23845,3.23843,3.23847,0.037,0.0359,0.0381
TOI-178 d,TOI-178,0.65,0.00947,0.00689,0.01205,6.5577,6.557684,6.557716,0.0592,0.0574,0.061
TOI-178 e,TOI-178,0.65,0.01214,0.00896,0.01532,9.961881,9.961839,9.961923,0.0783,0.07595,0.08065
TOI-178 f,TOI-178,0.65,0.02429,0.019275,0.029305,15.231915,15.23181,15.23202,0.1039,0.1008,0.107
TOI-178 g,TOI-178,0.65,0.0124,0.00779,0.01701,20.7095,20.709375,20.709625,0.1275,0.12365,0.13135
TOI-1789 b,TOI-1789,1.499,0.7,0.54,0.86,3.208666,3.20865,3.208682,0.04873,0.047605,0.049855
TOI-179 b,TOI-179,0.807,0.0758,0.05255,0.09905,4.1374386,4.1374357,4.1374415,0.0476,0.0466,0.0486
TOI-1807 b,TOI-1807,0.75,0.00714,0.00539,0.00889,0.549229,0.549144,0.549314,0.0135,0.01175,0.01525
TOI-181 b,TOI-181,0.781,0.13,0.115,0.145,4.53206,4.532058,4.532062,0.05578,0.05278,0.05878
TOI-1811 b,TOI-1811,0.819,0.974,0.898,1.05,3.7130818,3.7130788,3.7130848,0.04393,0.04335,0.04451
TOI-1842 b,TOI-1842,1.46,0.214,0.174,0.254,9.5739,9.57375,9.57405,0.1,0.0993,0.1007
TOI-1860 b,TOI-1860,0.99,0.0069,0.00375,0.01005,1.062107,1.0621056,1.0621084,0.0204,0.0202,0.0206
TOI-1899 b,TOI-1899,0.627,0.66,0.59,0.73,29.02,28.725,29.315,0.1587,0.1516,0.1658
TOI-1937 b,TOI-1937,1.072,2.01,1.84,2.18,0.94667944,0.94667897,0.94667991,0.01932,0.01893,0.01971
TOI-2000 b,TOI-2000,1.074,0.0324,0.0255,0.0393,3.098331,3.09831,3.098352,0.0426,0.041885,0.043315
TOI-2000 c,TOI-2000,1.074,0.2382,0.2262,0.2502,9.1270553,9.127048,9.1270626,0.0875,0.0859,0.0891
TOI-201 b,TOI-201,1.316,0.42,0.38,0.46,52.97818,52.97814,52.97822,0.3,0.27,0.33
TOI-2025 b,TOI-2025,1.32,4.4,4,4.8,8.872086,8.872077,8.872095,0.089,0.085,0.093
TOI-206 b,TOI-206,0.35,0.0069,0.00375,0.01005,0.7363104,0.7363101,0.7363107,0.0112,0.0111,0.0113
TOI-2081 b,TOI-2081,0.54,0.016,0.00465,0.02735,10.50534,10.50526,10.50542,0.0752,0.0667,0.0837
TOI-2136 b,TOI-2136,0.34,0.0148,0.0058,0.0238,7.85191,7.85187,7.85195,0.054,0.053,0.055
TOI-2145 b,TOI-2145,1.72,5.35,5,5.7,10.261081,10.261054,10.261108,0.1108,0.1093,0.1123
TOI-2152 b,TOI-2152,1.516,2.83,2.45,3.21,3.3773512,3.3773452,3.3773572,0.05064,0.04964,0.05164
TOI-2154 b,TOI-2154,1.233,0.92,0.73,1.11,3.6240801,3.6240776,3.6240826,0.0513,0.05,0.0526
TOI-2158 b,TOI-2158,1.12,0.82,0.74,0.9,8.60077,8.60074,8.6008,0.074,0.07,0.078
TOI-216 b,TOI-216,0.77,0.0558,0.0538,0.0578,17.0991,17.0986,17.0996,0.1293,0.1234,0.1352
TOI-216 c,TOI-216,0.77,0.528,0.508,0.548,34.5507,34.5505,34.5509,0.2068,0.19775,0.21585
TOI-2180 b,TOI-2180,1.111,2.755,2.675,2.835,260.158,260.15755,260.15845,0.828,0.816,0.84
TOI-2193 b,TOI-2193,1.082,0.94,0.76,1.12,2.1225735,2.1225719,2.1225751,0.03319,0.03267,0.03371
TOI-2196 b,TOI-2196,1.032,0.082,0.0779,0.0861,1.1947268,1.1947182,1.1947354,0.02234,0.02174,0.02294
TOI-220 b,TOI-220,0.825,0.0428,0.039,0.0466,10.695264,10.695177,10.695351,0.0892,0.0882,0.0902
TOI-2202 b,TOI-2202,0.823,0.978,0.917,1.039,11.9101,11.9072,11.913,0.09564,0.09406,0.09722
TOI-2202 c,TOI-2202,0.823,0.369,0.277,0.461,24.6744,24.6445,24.7043,0.15544,0.15285,0.15803
TOI-2207 b,TOI-2207,1.296,0.64,0.52,0.76,8.001968,8.001943,8.001993,0.0854,0.0838,0.087
TOI-2257 b,TOI-2257,0.33,0.0179,0.00755,0.02825,35.189346,35.189256,35.189436,0.145,0.142,0.148
TOI-2260 b,TOI-2260,0.99,0.011,0.005,0.017,0.3524728,0.3524681,0.3524775,0.0097,0.0096,0.0098
TOI-2285 b,TOI-2285,0.454,0.0614,0.0307,0.0921,27.26955,27.269435,27.269665,0.1363,0.1353,0.1373
TOI-2364 b,TOI-2364,0.954,0.225,0.176,0.274,4.0197517,4.0197474,4.019756,0.04871,0.04796,0.04946
TOI-237 b,TOI-237,0.179,0.009,0.0045,0.0135,5.436098,5.436059,5.436137,0.0341,0.0331,0.0351
TOI-2406 b,TOI-2406,0.162,0.0286,0.01095,0.04625,3.0766896,3.0766831,3.0766961,0.0228,0.0212,0.0244
TOI-2411 b,TOI-2411,0.65,0.0123,0.00635,0.01825,0.7826942,0.7826905,0.7826979,0.0144,0.0143,0.0145
TOI-2427 b,TOI-2427,0.64,0.0129,0.00565,0.02015,1.3060011,1.3050011,1.3070011,0.0202,0.02,0.0204
TOI-2445 b,TOI-2445,0.25,0.006,0.003,0.009,0.3711281,0.3711276,0.3711286,0.0064,0.0063,0.0065
TOI-2497 b,TOI-2497,1.86,5.21,4.69,5.73,10.655661,10.655635,10.655687,0.1167,0.1149,0.1185
TOI-251 b,TOI-251,1.036,1,0.5,1.5,4.93777,4.937741,4.937799,0.05741,0.05721,0.05761
TOI-257 b,TOI-257,1.389,0.134,0.111,0.157,18.38827,18.38755,18.38899,0.1523,0.1506,0.154
TOI-2583 b,TOI-2583A,1.215,0.25,0.192,0.308,4.5207265,4.5207216,4.5207314,0.0571,0.0558,0.0584
TOI-2587 b,TOI-2587,1.15,0.218,0.168,0.268,5.45664,5.456629,5.456651,0.0635,0.05035,0.07665
TOI-263 b,TOI-263,0.4,61.6,57.6,65.6,0.5568143,0.5568111,0.5568175,0.0098,0.009,0.0106
TOI-269 b,TOI-269,0.3917,0.0277,0.0233,0.0321,3.6977104,3.6977067,3.6977141,0.0345,0.033,0.036
TOI-270 b,TOI-270,0.4,0.006,0.00255,0.00945,3.36008,3.3600125,3.3601475,0.0306,0.0261,0.0351
TOI-270 c,TOI-270,0.4,0.0208,0.0082,0.0334,5.660172,5.660137,5.660207,0.0472,0.0439,0.0505
TOI-270 d,TOI-270,0.4,0.017,0.0072,0.0268,11.38014,11.38003,11.38025,0.0733,0.0691,0.0775
TOI-2796 b,TOI-2796,1.063,0.44,0.34,0.54,4.8084983,4.8084926,4.808504,0.04089,0.04002,0.04176
TOI-2803 b,TOI-2803,1.118,0.975,0.8985,1.0515,1.96229325,1.96229243,1.96229407,0.03185,0.03133,0.03237
TOI-2818 b,TOI-2818,0.977,0.71,0.45,0.97,4.039709,4.0397066,4.0397114,0.0493,0.0483,0.0503
TOI-2842 b,TOI-2842,1.135,0.37,0.37,0.37,3.5514058,3.551398,3.5514136,0.0475,0.0465,0.0485
TOI-2977 b,TOI-2977,0.936,1.68,1.42,1.94,2.3505614,2.3505589,2.3505639,0.03386,0.033275,0.034445
TOI-3023 b,TOI-3023,1.12,0.62,0.52,0.72,3.9014971,3.901494,3.9015002,0.0505,0.0493,0.0517
TOI-3362 b,TOI-3362,1.445,5.029,4.972,5.086,18.09547,18.09544,18.0955,0.153,0.15,0.156
TOI-3364 b,TOI-3364,1.186,1.67,1.657,1.683,5.8768918,5.8768849,5.8768987,0.0675,0.0659,0.0691
TOI-3629 b,TOI-3629,0.63,0.26,0.24,0.28,3.936551,3.936545,3.936557,0.043,0.041,0.045
TOI-3688 b,TOI-3688,1.2,0.98,0.87,1.09,3.246075,3.246063,3.246087,0.0456,0.04465,0.04655
TOI-3714 b,TOI-3714,0.53,0.7,0.67,0.73,2.154849,2.154848,2.15485,0.027,0.026,0.028
TOI-3757 b,TOI-3757,0.64,0.2684,0.2407,0.2961,3.438753,3.438749,3.438757,0.03845,0.03802,0.03888
TOI-3807 b,TOI-3807,1.181,1.04,0.89,1.19,2.8989727,2.8989688,2.8989766,0.0421,0.0412,0.043
TOI-3819 b,TOI-3819,1.242,1.11,0.91,1.31,3.2443141,3.2443086,3.2443196,0.04611,0.045285,0.046935
TOI-3884 b,TOI-3884,0.2813,0.0519,0.04355,0.06025,4.5445697,4.5445603,4.5445791,0.0354,0.034,0.0368
TOI-3912 b,TOI-3912,1.088,0.406,0.336,0.476,3.4936264,3.4936226,3.4936302,0.0463,0.0451,0.0475
TOI-3976 b,TOI-3976,1.254,0.175,0.138,0.212,6.607662,6.607646,6.607678,0.0743,0.0729,0.0757
TOI-402 b,TOI-402,0.851,0.0227,0.0202,0.0252,4.75642,4.75621,4.75663,0.05245,0.051665,0.053235
TOI-402 c,TOI-402,0.851,0.02766,0.02241,0.03291,17.1784,17.1768,17.18,0.1235,0.12165,0.12535
TOI-4087 b,TOI-4087,1.178,0.73,0.59,0.87,3.1774835,3.17748256,3.17748444,0.04469,0.04418,0.0452
TOI-4138 b,TOI-4138,1.32,0.67,0.64,0.7,3.660028,3.660022,3.660034,0.051,0.049,0.053
TOI-4145 b,TOI-4145,0.905,0.43,0.3,0.56,4.0664428,4.066437,4.0664486,0.04823,0.04744,0.04902
TOI-431 b,TOI-431,0.78,0.00966,0.00856,0.01076,0.490047,0.4900385,0.4900555,0.0113,0.0088,0.0138
TOI-431 d,TOI-431,0.78,0.0311,0.02635,0.03585,12.46103,12.46101,12.46105,0.098,0.096,0.1
TOI-4463 b,TOI-4463,1.056,0.794,0.754,0.834,2.8807198,2.880717,2.8807226,0.04035,0.03957,0.04113
TOI-4479 b,TOI-4479,0.452,0.0261,0.0071,0.0451,1.1589,1.158885,1.158915,0.0164,0.0142,0.0186
TOI-4481 b,TOI-4481,0.413,0.006,0.00547,0.00653,0.9263237,0.9263228,0.9263246,0.01406,0.01376,0.01436
TOI-4562 b,TOI-4562,1.218,3.29,1.94,4.64,225.11757,225.1173,225.11784,0.771,0.758,0.784
TOI-4791 b,TOI-4791,1.242,2.31,1.98,2.64,4.28088,4.280857,4.280903,0.0555,0.0543,0.0567
TOI-500 b,TOI-500,0.88,0.005,0.00185,0.00815,0.5481579,0.5481573,0.5481585,0.0128,0.0117,0.0139
TOI-5153 b,TOI-5153,1.24,3.26,3.09,3.43,20.33003,20.32996,20.3301,0.158,0.152,0.164
TOI-5205 b,TOI-5205,0.392,1.08,1.02,1.14,1.630757,1.630756,1.630758,0.0199,0.0197,0.0201
TOI-530 b,TOI-530,0.53,0.4,0.3,0.5,6.387597,6.387578,6.387616,0.052,0.047,0.057
TOI-532 b,TOI-532,0.639,0.1935,0.1636,0.2234,2.32666508,2.32663508,2.32669508,0.0296,0.02925,0.02995
TOI-544 b,TOI-544,0.85,0.016,0.0065,0.0255,1.548351,1.5483495,1.5483525,0.0251,0.0232,0.027
TOI-5542 b,TOI-5542,0.89,1.32,1.22,1.42,75.12375,75.12356,75.12394,0.332,0.316,0.348
TOI-558 b,TOI-558,1.349,3.61,3.46,3.76,14.574071,14.574045,14.574097,0.1291,0.1271,0.1311
TOI-559 b,TOI-559,1.026,6.01,5.77,6.25,6.9839095,6.9839044,6.9839146,0.0723,0.071,0.0736
TOI-561 b,TOI-561,0.805,0.00705,0.00645,0.00765,0.4465688,0.446568,0.4465696,0.0106,0.0102,0.011
TOI-561 c,TOI-561,0.805,0.0208,0.0185,0.0231,10.778831,10.778795,10.778867,0.089,0.086,0.092
TOI-561 d,TOI-561,0.805,0.03823,0.03473,0.04173,25.7124,25.7122,25.7126,0.159,0.153,0.165
TOI-561 e,TOI-561,0.805,0.0428,0.0384,0.0472,77.03,76.78,77.28,0.33,0.32,0.34
TOI-564 b,TOI-564,1.1,1.463,1.365,1.561,1.651144,1.651126,1.651162,0.02734,0.02677,0.02791
TOI-620 b,TOI-620,0.577,0.0485,0.0342,0.0628,5.0988179,5.0988134,5.0988224,0.04825,0.04759,0.04891
TOI-628 b,TOI-628,1.311,6.33,6.03,6.63,3.4095675,3.4095605,3.4095745,0.0486,0.04773,0.04947
TOI-640 b,TOI-640,1.536,0.88,0.72,1.04,5.0037775,5.0037727,5.0037823,0.06608,0.06508,0.06708
TOI-674 b,TOI-674,0.442,0.0739,0.0635,0.0843,1.977143,1.97714,1.977146,0.0231,0.0224,0.0238
TOI-677 b,TOI-677,1.18,1.236,1.167,1.305,11.2366,11.23649,11.23671,0.1038,0.1021,0.1055
TOI-700 b,TOI-700,0.416,0.00406,0.00198,0.00614,9.977219,9.9771795,9.9772585,0.0677,0.0666,0.0688
TOI-700 c,TOI-700,0.416,0.0249,0.0178,0.032,16.051137,16.051117,16.051157,0.0929,0.0914,0.0944
TOI-700 d,TOI-700,0.416,0.00711,0.00519,0.00903,37.42396,37.42359,37.42433,0.1633,0.1606,0.166
TOI-712 b,TOI-712,0.732,0.0176,0.01255,0.02265,9.531361,9.531343,9.531379,0.07928,0.078345,0.080215
TOI-712 c,TOI-712,0.732,0.0274,0.0195,0.0353,51.69906,51.69889,51.69923,0.2447,0.2417,0.2477
TOI-712 d,TOI-712,0.732,0.0236,0.0167,0.0305,84.8396,84.839185,84.840015,0.3405,0.3365,0.3445
TOI-763 b,TOI-763,0.917,0.0308,0.02835,0.03325,5.6057,5.6044,5.607,0.06,0.0594,0.0606
TOI-763 c,TOI-763,0.917,0.02932,0.02611,0.03253,12.2737,12.2672,12.2802,0.1,0.099,0.101
TOI-776 b,TOI-776,0.544,0.01466,0.01161,0.01771,8.24664,8.246565,8.246715,0.0652,0.0642,0.0662
TOI-776 c,TOI-776,0.544,0.0192,0.0145,0.0239,15.6653,15.6645,15.6661,0.1,0.0983,0.1017
TOI-778 b,TOI-778,1.4,2.8,2.6,3,4.633611,4.63361,4.633612,0.06,0.057,0.063
TOI-824 b,TOI-824,0.69,0.058104,0.052249,0.063959,1.392978,1.3929605,1.3929955,0.02177,0.02145,0.02209
TOI-833 b,TOI-833,0.61,0.006,0.003,0.009,1.04318777,1.04315537,1.04322017,0.0171,0.0168,0.0174
TOI-836 b,TOI-836,0.678,0.01425,0.01145,0.01705,3.81673,3.81672,3.81674,0.0422,0.04127,0.04313
TOI-836 c,TOI-836,0.678,0.0302,0.0217,0.0387,8.59545,8.59544,8.59546,0.075,0.0734,0.0766
TOI-849 b,TOI-849,0.929,0.12299,0.114795,0.131185,0.76552414,0.765521435,0.765526845,0.01598,0.015845,0.016115
TOI-905 b,TOI-905,0.85,0.667,0.625,0.709,3.739494,3.739456,3.739532,0.04666,0.04568,0.04764
TOI-942 b,TOI-942,0.88,2.599,1.301,3.897,4.32419,4.32416,4.32422,0.04796,0.04727,0.04865
TOI-942 c,TOI-942,0.88,2.501,1.2505,3.7515,10.15643,10.156356,10.156504,0.0847,0.08355,0.08585
TOI-954 b,TOI-954,1.201,0.174,0.1565,0.1915,3.6849729,3.6849449,3.6850009,0.04963,0.04873,0.05053
TOI-969 b,TOI-969,0.734,0.0286,0.0256,0.0316,1.8237305,1.8237285,1.8237325,0.02636,0.02619,0.02653
TRAPPIST-1 b,TRAPPIST-1,0.08,0.0027,0.0004,0.005,1.51087081,1.51081081,1.51093081,0.01111,0.01077,0.01145
TRAPPIST-1 c,TRAPPIST-1,0.08,0.00434,0.00244,0.00624,2.4218233,2.4218216,2.421825,0.01521,0.01474,0.01568
TRAPPIST-1 d,TRAPPIST-1,0.08,0.0013,0.00045,0.00215,4.04961,4.049547,4.049673,0.02144,0.020795,0.022085
TRAPPIST-1 e,TRAPPIST-1,0.08,0.002,0.0002,0.0038,6.099615,6.099604,6.099626,0.02817,0.02732,0.02902
TRAPPIST-1 f,TRAPPIST-1,0.08,0.0021,0.00153,0.00267,9.20669,9.206675,9.206705,0.0371,0.036,0.0382
TRAPPIST-1 g,TRAPPIST-1,0.08,0.00422,0.00142,0.00702,12.35294,12.35282,12.35306,0.0451,0.0437,0.0465
TRAPPIST-1 h,TRAPPIST-1,0.08,0.001041,0.000876,0.001206,20,9.5,30.5,0.063,0.043,0.083
TrES-1 b,TrES-1,0.88,0.761,0.711,0.811,3.0300722,3.030072,3.0300724,0.0393,0.0386,0.04
TrES-2 A b,TrES-2 A,0.98,1.253,1.201,1.305,2.470613374,2.470613355,2.470613393,0.03555,0.0348,0.0363
TrES-3 b,TrES-3,0.924,1.91,1.845,1.975,1.30618608,1.3061857,1.30618646,0.0226,0.0213,0.0239
TrES-4 b,TrES-4,1.388,0.917,0.847,0.987,3.5539268,3.5539236,3.55393,0.05084,0.05034,0.05134
TrES-5 b,TrES-5,0.893,1.778,1.715,1.841,1.4822446,1.4822439,1.4822453,0.02446,0.0243531,0.0245669
TVLM 513-46546 b,TVLM 513-46546,0.08,0.38,0.14,0.62,220,215,225,0.3,0.2964,0.3036
UZ For (AB) c,UZ For (AB),0.84,7.7,6.5,8.9,1900,1810,1990,2.8,2.3,3.3
V 1298 Tau b,V 1298 Tau,1.1,2.2,1.1,3.3,24.1382,24.136,24.1404,0.1688,0.1662,0.1714
V391 Peg b,V391 Peg,0.5,3.2,2.5,3.9,1170,1126,1214,1.7,1.6,1.8
WASP-1 b,WASP-1,1.24,0.947,0.919,0.975,2.5199448,2.5199443,2.5199453,0.03958,0.0391,0.04006
WASP-10 b,WASP-10,0.71,3.16,2.93,3.39,3.0927616,3.0927434,3.0927798,0.0371,0.0358,0.0384
WASP-100 b,WASP-100,1.57,2.03,1.91,2.15,2.849375,2.849367,2.849383,0.0457,0.0447,0.0467
WASP-101 b,WASP-101,1.34,0.5,0.496,0.504,3.585722,3.585718,3.585726,0.0506,0.0497,0.0515
WASP-102 b,WASP-102,1.167,0.624,0.579,0.669,2.709813,2.7098085,2.7098175,0.0401,0.0397,0.0405
WASP-103 b,WASP-103,1.22,1.49,1.402,1.578,0.925542,0.925523,0.925561,0.01985,0.01964,0.02006
WASP-104 b,WASP-104,1.02,1.272,1.225,1.319,1.7554137,1.755411,1.7554164,0.02918,0.02873,0.02963
WASP-105 b,WASP-105,0.89,1.8,1.7,1.9,7.87288,7.87287,7.87289,0.075,0.045,0.105
WASP-106 b,WASP-106,1.27,1.925,1.849,2.001,9.289715,9.289705,9.289725,0.0917,0.0903,0.0931
WASP-107 b,WASP-107,0.69,0.12,0.11,0.13,5.72149,5.721488,5.721492,0.055,0.054,0.056
WASP-108 b,WASP-108,1.167,1.167,1.0755,1.2585,2.6755463,2.6755442,2.6755484,0.0397,0.0387,0.0407
WASP-109 b,WASP-109,1.203,0.91,0.78,1.04,3.3190233,3.3190191,3.3190275,0.0463,0.0452,0.0474
WASP-110 b,WASP-110,0.892,0.515,0.451,0.579,3.7783977,3.7783946,3.7784008,0.0457,0.0445,0.0469
WASP-111 b,WASP-111,1.5,1.85,1.69,2.01,2.310965,2.3109616,2.3109684,0.03914,0.03816,0.04012
WASP-112 b,WASP-112,0.807,0.88,0.76,1,3.0353992,3.0353954,3.035403,0.0382,0.0371,0.0393
WASP-113 b,WASP-113,1.318,0.475,0.421,0.529,4.542168745,4.542164545,4.542172945,0.05885,0.05875,0.05895
WASP-114 b,WASP-114,1.289,1.769,1.705,1.833,1.5487743,1.54877325,1.54877535,0.02851,0.02812,0.0289
WASP-117 b,WASP-117,1.126,0.2755,0.2665,0.2845,10.02165,10.0211,10.0222,0.09459,0.093775,0.095405
WASP-118 b,WASP-118,1.32,0.514,0.494,0.534,4.0460435,4.0460391,4.0460479,0.05453,0.05405,0.05501
WASP-119 b,WASP-119,1.02,1.23,1.145,1.315,2.49979,2.49978,2.4998,0.0363,0.0356,0.037
WASP-12 b,WASP-12,1.434,1.47,1.3975,1.5425,1.09141937,1.09141937,1.09141937,0.02344,0.02288,0.024
WASP-120 b,WASP-120,1.45,5.06,4.79,5.33,3.6112706,3.6112668,3.6112744,0.0522,0.0509,0.0535
WASP-121 b,WASP-121,1.353,1.184,1.1195,1.2485,1.2749255,1.27492525,1.27492575,0.02544,0.02494,0.02594
WASP-122 b,WASP-122,1.4,1.401,1.326,1.476,1.7100567,1.7100531,1.7100603,0.03107,0.03028,0.03186
WASP-123 b,WASP-123,1.207,0.92,0.87,0.97,2.977641,2.9776386,2.9776434,0.0431,0.042,0.0442
WASP-124 b,WASP-124,1.07,0.6,0.53,0.67,3.37265,3.372649,3.372651,0.0499,0.0492,0.0506
WASP-127 b,WASP-127,1.08,0.18,0.16,0.2,4.178062,4.17806,4.178064,0.052,0.0515,0.0525
WASP-128 b,WASP-128,1.155,37.19,36.35,38.03,2.20883665,2.2088362,2.2088371,0.0359,0.03551,0.03629
WASP-129 b,WASP-129,1,1,0.9,1.1,5.748145,5.748144,5.748146,0.0628,0.0621,0.0635
WASP-130 b,WASP-130,1.04,1.23,1.19,1.27,11.55098,11.55097,11.55099,0.1012,0.0998,0.1026
WASP-131 b,WASP-131,1.06,0.27,0.25,0.29,5.322023,5.322018,5.322028,0.0607,0.0598,0.0616
WASP-132 b,WASP-132,0.8,0.41,0.38,0.44,7.133514,7.13351,7.133518,0.067,0.066,0.068
WASP-133 b,WASP-133,1.16,1.16,1.07,1.25,2.176423,2.176422,2.176424,0.0345,0.0338,0.0352
WASP-134 b,WASP-134,1.131,1.412,1.337,1.487,10.1467583,10.1467503,10.1467663,0.0956,0.0931,0.0981
WASP-135 b,WASP-135,0.98,1.9,1.82,1.98,1.4013794,1.4013786,1.4013802,0.0243,0.0238,0.0248
WASP-136 b,WASP-136,1.51,1.51,1.43,1.59,5.215357,5.215351,5.215363,0.0661,0.0649,0.0673
WASP-137 b,WASP-137,1.216,0.681,0.627,0.735,3.9080284,3.9080231,3.9080337,0.0519,0.0501,0.0537
WASP-138 b,WASP-138,1.22,1.22,1.14,1.3,3.634433,3.634428,3.634438,0.0494,0.0487,0.0501
WASP-14 b,WASP-14,1.211,7.341,6.839,7.843,2.2437661,2.243765,2.2437672,0.036,0.035,0.037
WASP-140 b,WASP-140,0.9,2.44,2.37,2.51,2.2359835,2.2359755,2.2359915,0.0323,0.0318,0.0328
WASP-141 b,WASP-141,1.25,2.69,2.54,2.84,3.310651,3.310646,3.310656,0.0469,0.0462,0.0476
WASP-142 b,WASP-142,1.33,0.84,0.75,0.93,2.052868,2.052866,2.05287,0.0347,0.034,0.0354
WASP-143 b,WASP-143,1.087,0.725,0.641,0.809,3.778873,3.7788698,3.7788762,0.049,0.0476,0.0504
WASP-144 b,WASP-144,0.81,0.44,0.38,0.5,2.2783152,2.2783139,2.2783165,0.0316,0.0311,0.0321
WASP-146 b,WASP-146,1.057,1.11,0.96,1.26,3.396944,3.3969404,3.3969476,0.0451,0.0427,0.0475
WASP-147 b,WASP-147,1.044,0.275,0.2475,0.3025,4.60273,4.602703,4.602757,0.0549,0.05365,0.05615
WASP-148 b,WASP-148,1,0.287,0.268,0.306,8.80345,8.803315,8.803585,0.08215,0.08097,0.08333
WASP-15 b,WASP-15,1.18,0.542,0.492,0.592,3.7520656,3.7520628,3.7520684,0.0499,0.0481,0.0517
WASP-150 b,WASP-150,1.346,8.46,8.22,8.7,5.644207,5.644167,5.644247,0.0694,0.06845,0.07035
WASP-151 b,WASP-151,1.077,0.31,0.275,0.345,4.533471,4.533467,4.533475,0.055,0.054,0.056
WASP-153 b,WASP-153,1.336,0.39,0.37,0.41,3.332609,3.332607,3.332611,0.048,0.047,0.049
WASP-156 b,WASP-156,0.842,0.1303,0.1215,0.1391,3.8361603,3.83615982,3.83616078,0.0451,0.0433,0.0469
WASP-157 b,WASP-157,1.06,0.576,0.482,0.67,3.951623,3.951605,3.951641,0.0499,0.0493,0.0505
WASP-159 b,WASP-159,1.41,0.55,0.47,0.63,3.840401,3.840394,3.840408,0.0538,0.0523,0.0553
WASP-16 b,WASP-16,1.022,0.855,0.796,0.914,3.1186009,3.1185878,3.118614,0.0421,0.0403,0.0439
WASP-160 B b,WASP-160 B,0.89,0.281,0.236,0.326,3.768495,3.7684916,3.7684984,0.0455,0.0443,0.0467
WASP-161 b,WASP-161,1.39,2.49,2.28,2.7,5.4060425,5.4060377,5.4060473,0.0673,0.065,0.0696
WASP-162 b,WASP-162,0.95,5.2,5,5.4,9.62468,9.62467,9.62469,0.0871,0.0858,0.0884
WASP-163 b,WASP-163,0.97,1.87,1.66,2.08,1.6096884,1.6096869,1.6096899,0.0266,0.0252,0.028
WASP-164 b,WASP-164,0.946,2.13,2.005,2.255,1.7771255,1.7771227,1.7771283,0.02818,0.027495,0.028865
WASP-165 b,WASP-165,1.248,0.658,0.5635,0.7525,3.465509,3.465486,3.465532,0.04823,0.047315,0.049145
WASP-166 b,WASP-166,1.19,0.102,0.098,0.106,5.44354215,5.44353715,5.44354715,0.0668,0.0628,0.0708
WASP-167 b,WASP-167,1.518,8,4.0005,11.9995,2.0219591,2.0219585,2.0219597,0.0365,0.0359,0.0371
WASP-168 b,WASP-168,1.08,0.42,0.38,0.46,4.153658,4.153655,4.153661,0.0519,0.0511,0.0527
WASP-169 b,WASP-169,1.337,0.561,0.501,0.621,5.6114118,5.6114026,5.611421,0.0681,0.0667,0.0695
WASP-17 b,WASP-17,1.2,0.486,0.454,0.518,3.735438,3.7354312,3.7354448,0.0515,0.05116,0.05184
WASP-170 b,WASP-170,0.93,1.6,1.4,1.8,2.34478022,2.34477662,2.34478382,0.0337,0.0319,0.0355
WASP-171 b,WASP-171,1.171,1.084,0.99,1.178,3.8186244,3.8186206,3.8186282,0.0504,0.04957,0.05123
WASP-172 b,WASP-172,1.49,0.47,0.37,0.57,5.477433,5.477426,5.47744,0.0694,0.0684,0.0704
WASP-174 b,WASP-174,1.28,0.33,0.239,0.421,4.2337005,4.2336987,4.2337023,0.05503,0.05447,0.05559
WASP-175 b,WASP-175,1.212,0.99,0.86,1.12,3.0652907,3.0652772,3.0653042,0.044,0.04345,0.04455
WASP-176 b,WASP-176,1.27,0.855,0.785,0.925,3.899052,3.899002,3.899102,0.0535,0.05205,0.05495
WASP-177 b,WASP-177,0.876,0.508,0.47,0.546,3.071722,3.071721,3.071723,0.03957,0.03899,0.04015
WASP-178 b,WASP-178,1.93,1.41,0.94,1.88,3.3448285,3.3448273,3.3448297,0.0558,0.0548,0.0568
WASP-180 A b,WASP-180 A,1.3,0.8,0.7,0.9,3.409265,3.409264,3.409266,0.048,0.047,0.049
WASP-181 b,WASP-181,1.04,0.299,0.265,0.333,4.5195064,4.519503,4.5195098,0.05427,0.05358,0.05496
WASP-182 b,WASP-182,1.076,0.148,0.137,0.159,3.3769848,3.3769648,3.3770048,0.0451,0.0442,0.046
WASP-183 b,WASP-183,0.784,0.502,0.455,0.549,4.1117771,4.111772,4.1117822,0.04632,0.04557,0.04707
WASP-184 b,WASP-184,1.23,0.57,0.47,0.67,5.1817,5.18169,5.18171,0.0627,0.0615,0.0639
WASP-186 b,WASP-186,1.22,4.22,4.04,4.4,5.026799,5.026785,5.026813,0.06,0.0588,0.0612
WASP-187 b,WASP-187,1.54,0.8,0.71,0.89,5.147878,5.147808,5.147948,0.0653,0.064,0.0666
WASP-189 b,WASP-189,1.887,1.99,1.84,2.14,2.724033,2.7240288,2.7240372,0.05053,0.04955,0.05151
WASP-19 b,WASP-19,0.904,1.139,1.109,1.169,0.78884,0.7888397,0.7888403,0.016634,0.016444,0.016824
WASP-190 b,WASP-190,1.35,1,0.9,1.1,5.367753,5.367749,5.367757,0.0663,0.0655,0.0671
WASP-2 A b,WASP-2 A,0.84,0.847,0.802,0.892,2.15222144,2.15222104,2.15222184,0.03138,0.02038,0.04238
WASP-20 A b,WASP-20 A,1.202,0.313,0.295,0.331,4.8996285,4.8996251,4.8996319,0.06003,0.05936,0.0607
WASP-21 b,WASP-21,1.01,0.3,0.29,0.31,4.3225126,4.3225104,4.3225148,0.052,0.05156,0.05244
WASP-22 b,WASP-22,1.1,0.617,0.6068,0.6272,3.5327313,3.5327255,3.5327371,0.04698,0.04661,0.04735
WASP-23 b,WASP-23,0.78,0.884,0.7905,0.9775,2.9444256,2.9444244,2.9444268,0.0376,0.0356,0.0396
WASP-24 b,WASP-24,1.129,1.071,1.034,1.108,2.3412127,2.3412107,2.3412147,0.03651,0.03623,0.03679
WASP-25 b,WASP-25,1,0.58,0.54,0.62,3.76483,3.76478,3.76488,0.0474,0.047,0.0478
WASP-26 b,WASP-26,1.12,1.028,1.007,1.049,2.7566004,2.7565937,2.7566071,0.03985,0.03952,0.04018
WASP-28 b,WASP-28,1.021,0.907,0.864,0.95,3.40883,3.408824,3.408836,0.04469,0.04393,0.04545
WASP-29 b,WASP-29,0.825,0.243,0.223,0.263,3.92271218,3.92271193,3.92271243,0.047,0.0445,0.0495
WASP-3 b,WASP-3,1.24,2.06,1.93,2.19,1.8468372,1.8468366,1.8468378,0.0313,0.0312,0.0314
WASP-30 b,WASP-30,1.166,60.86,59.97,61.75,4.156736,4.156723,4.156749,0.05325,0.05286,0.05364
WASP-31 b,WASP-31,1.16,0.478,0.448,0.508,3.405909,3.405904,3.405914,0.04657,0.04623,0.04691
WASP-32 b,WASP-32,1.1,3.6,3.53,3.67,2.71865,2.71857,2.71873,0.0394,0.0391,0.0397
WASP-33 b,WASP-33,1.495,2.8,2.27,3.33,1.21986967,1.21986922,1.21987012,0.02558,0.02535,0.02581
WASP-34 b,WASP-34,1.01,0.59,0.58,0.6,4.3176782,4.3176737,4.3176827,0.0524,0.052,0.0528
WASP-36 b,WASP-36,1.02,2.279,2.211,2.347,1.5373653,1.5373626,1.537368,0.02624,0.02597,0.02651
WASP-37 b,WASP-37,0.849,1.8,1.63,1.97,3.577471,3.57746,3.577482,0.04339,0.04187,0.04491
WASP-38 b,WASP-38,1.216,2.712,2.647,2.777,6.871815,6.871773,6.871857,0.07551,0.07466,0.07636
WASP-39 b,WASP-39,0.93,0.28,0.25,0.31,4.055259,4.05525,4.055268,0.0486,0.0481,0.0491
WASP-4 b,WASP-4,0.93,1.1974,1.1906,1.2042,1.338231602,1.338231546,1.338231658,0.02312,0.02279,0.02345
WASP-41 b,WASP-41,0.95,0.94,0.89,0.99,3.052404,3.0524031,3.0524049,0.04,0.039,0.041
WASP-43 b,WASP-43,0.717,2.052,1.999,2.105,0.81347753,0.81347683,0.81347823,0.01526,0.01508,0.01544
WASP-44 b,WASP-44,0.951,0.889,0.827,0.951,2.4238039,2.4237952,2.4238126,0.03473,0.03432,0.03514
WASP-45 b,WASP-45,0.909,1.007,0.954,1.06,3.1260876,3.1260841,3.1260911,0.04054,0.03964,0.04144
WASP-46 b,WASP-46,0.956,2.101,2.028,2.174,1.43037,1.4303677,1.4303723,0.02448,0.0242,0.02476
WASP-47 b,WASP-47,1.04,1.14243,1.11946,1.1654,4.1591289,4.1591247,4.1591331,0.052,0.041,0.063
WASP-47 c,WASP-47,1.04,1.31,0.925,1.695,596,594,598,1.41,1.11,1.71
WASP-47 d,WASP-47,1.04,0.04122,0.0365,0.04594,9.03077,9.0306,9.03094,0.088,0.069,0.107
WASP-47 e,WASP-47,1.04,0.02149,0.01941,0.02357,0.789592,0.78958,0.789604,0.0173,0.0135,0.0211
WASP-48 b,WASP-48,1.19,0.98,0.89,1.07,2.143634,2.143631,2.143637,0.03444,0.03401,0.03487
WASP-49 A b,WASP-49 A,0.94,0.378,0.351,0.405,2.7817387,2.7817331,2.7817443,0.0378,0.0108,0.0648
WASP-5 b,WASP-5,1,1.637,1.555,1.719,1.6284246,1.6284233,1.6284259,0.02729,0.02673,0.02785
WASP-50 b,WASP-50,0.861,1.437,1.369,1.505,1.9550959,1.9550908,1.955101,0.02913,0.02849,0.02977
WASP-52 b,WASP-52,0.87,0.46,0.44,0.48,1.7497798,1.7497786,1.749781,0.0272,0.0269,0.0275
WASP-53 b,WASP-53,0.839,2.132,2.039,2.225,3.3098443,3.3098423,3.3098463,0.04101,0.04014,0.04188
WASP-55 b,WASP-55,1.11,0.61,0.48,0.74,4.46563,4.465626,4.465634,0.0533,0.0526,0.054
WASP-58 b,WASP-58,0.94,0.89,0.82,0.96,5.01718,5.017169,5.017191,0.0561,0.0541,0.0581
WASP-59 b,WASP-59,0.719,0.863,0.818,0.908,7.919585,7.919575,7.919595,0.0697,0.0587,0.0807
WASP-6 b,WASP-6,0.888,0.503,0.4745,0.5315,3.361006,3.3610025,3.3610095,0.0421,0.0408,0.0434
WASP-61 b,WASP-61,1.22,2.06,1.89,2.23,3.8559,3.855897,3.855903,0.0514,0.0505,0.0523
WASP-62 b,WASP-62,1.25,0.57,0.53,0.61,4.411953,4.41195,4.411956,0.0567,0.056,0.0574
WASP-63 b,WASP-63,1.32,0.38,0.35,0.41,4.37809,4.378084,4.378096,0.0574,0.0567,0.0581
WASP-65 b,WASP-65,0.93,1.55,1.39,1.71,2.3114243,2.3114228,2.3114258,0.0334,0.03175,0.03505
WASP-66 b,WASP-66,1.3,2.32,2.19,2.45,4.086052,4.086045,4.086059,0.0546,0.0537,0.0555
WASP-67 b,WASP-67,0.87,0.42,0.38,0.46,4.61442,4.61441,4.61443,0.0517,0.0509,0.0525
WASP-69 b,WASP-69,0.826,0.26,0.243,0.277,3.8681382,3.8681365,3.8681399,0.04525,0.04472,0.04578
WASP-7 b,WASP-7,1.276,0.96,0.83,1.09,4.9546416,4.9546381,4.9546451,0.0617,0.0606,0.0628
WASP-70 A b,WASP-70 A,1.106,0.59,0.5675,0.6125,3.7130203,3.7130156,3.713025,0.04853,0.04791,0.04915
WASP-71 b,WASP-71,1.572,2.258,2.186,2.33,2.9036747,2.9036679,2.9036815,0.04631,0.04571,0.04691
WASP-72 b,WASP-72,1.386,1.461,1.4035,1.5185,2.2167421,2.216734,2.2167502,0.03708,0.03658,0.03758
WASP-73 b,WASP-73,1.34,1.88,1.815,1.945,4.08722,4.087,4.08744,0.05512,0.054555,0.055685
WASP-74 b,WASP-74,1.48,0.826,0.812,0.84,2.13775138,2.13775114,2.13775162,0.03443,0.03408,0.03478
WASP-75 b,WASP-75,1.14,1.07,1.02,1.12,2.484193,2.48419,2.484196,0.0375,0.03675,0.03825
WASP-76 b,WASP-76,1.46,0.92,0.89,0.95,1.809886,1.809885,1.809887,0.033,0.0325,0.0335
WASP-77 A b,WASP-77A,1.002,1.76,1.7,1.82,1.3600309,1.3600289,1.3600329,0.024,0.02364,0.02436
WASP-78 b,WASP-78,2.02,0.89,0.81,0.97,2.17517656,2.17517176,2.17518136,0.0415,0.0409,0.0421
WASP-79 b,WASP-79,1.56,0.9,0.81,0.99,3.6623817,3.6623766,3.6623868,0.0539,0.053,0.0548
WASP-8 b,WASP-8,1.033,2.244,2.158,2.33,8.158715,8.1587,8.15873,0.0801,0.0785,0.0817
WASP-80 b,WASP-80,0.58,0.554,0.5195,0.5885,3.0678504,3.0678479,3.0678529,0.0346,0.03365,0.03555
WASP-81 b,WASP-81 ,1.08,0.729,0.6935,0.7645,2.7164762,2.7164739,2.7164785,0.03908,0.03837,0.03979
WASP-82 b,WASP-82,1.63,1.24,1.2,1.28,2.705782,2.705779,2.705785,0.0447,0.044,0.0454
WASP-83 b,WASP-83,1.11,0.3,0.27,0.33,4.071252,4.071237,4.071267,0.059,0.058,0.06
WASP-84 b,WASP-84,0.842,0.694,0.666,0.722,8.5234865,8.5234795,8.5234935,0.0771,0.0759,0.0783
WASP-85 A b,WASP-85,1.09,1.265,1.2,1.33,2.6556777,2.65567726,2.65567814,0.039,0.038,0.04
KELT-12 b,WASP-86,1.239,0.95,0.81,1.09,5.0316144,5.0315838,5.031645,0.0617,0.060555,0.062845
WASP-87 A b,WASP-87 A,1.204,2.21,2.05,2.37,1.682795,1.6827931,1.6827969,0.02946,0.02871,0.03021
WASP-88 b,WASP-88,1.45,0.56,0.48,0.64,4.954,4.953981,4.954019,0.06431,0.063675,0.064945
WASP-89 b,WASP-89,0.92,5.9,5.5,6.3,3.3564227,3.3564202,3.3564252,0.0427,0.0415,0.0439
WASP-90 b,WASP-90,1.55,0.63,0.56,0.7,3.916243,3.91624,3.916246,0.0562,0.055,0.0574
WASP-91 b,WASP-91,0.84,1.34,1.26,1.42,2.798581,2.798578,2.798584,0.037,0.036,0.038
WASP-92 b,WASP-92,1.19,0.805,0.737,0.873,2.1746742,2.1746726,2.1746758,0.0348,0.03444,0.03516
WASP-93 b,WASP-93,1.3,1.47,1.441,1.499,2.7325321,2.7325301,2.7325341,0.04211,0.04176,0.04246
WASP-94 A b,WASP-94 A,1.29,0.452,0.4185,0.4855,3.9501907,3.950187,3.9501944,0.055,0.054,0.056
WASP-95 b,WASP-95,1.11,1.206,1.139,1.273,2.1846656,2.18466549,2.18466571,0.0312,0.029,0.0334
WASP-96 b,WASP-96,1.06,0.48,0.45,0.51,3.4252602,3.4252575,3.4252629,0.0453,0.044,0.0466
WASP-97 b,WASP-97,1.12,1.32,1.27,1.37,2.07276,2.072759,2.072761,0.03303,0.03247,0.03359
WASP-98 b,WASP-98,0.69,0.83,0.76,0.9,2.96264,2.9626387,2.9626413,0.036,0.035,0.037
WASP-99 b,WASP-99,1.48,2.78,2.65,2.91,5.75251,5.75247,5.75255,0.0717,0.0701,0.0733
Wendelstein-1 b,Wendelstein-1,0.65,0.59,0.495,0.685,2.663416,2.663415,2.663417,0.0282,0.0267,0.0297
Wendelstein-2 b,Wendelstein-2,0.73,0.73,0.295,1.165,1.7522239,1.7522231,1.7522247,0.0234,0.0219,0.0249
WISE 1711+3500 b,WISE 1711+3500,0.034,18,11,25,125000,96000,154000,15,13,17
WISE J0720-0846,WISE J0720-0846,0.081,62,61.9,62.1,1388,602.5,2173.5,1.3,0.85,1.75
Wolf 503 b,Wolf 503,0.688,0.0197,0.0178,0.0216,6.001127,6.001106,6.001148,0.05706,0.05651,0.05761
WTS-1 b,WTS-1,1.2,4.01,3.66,4.36,3.352059,3.352045,3.352073,0.047,0.046,0.048
WTS-2 b,WTS-2,0.82,1.12,0.99,1.25,1.0187074,1.0187004,1.0187144,0.01855,0.01793,0.01917
XO-1 b,XO-1,1,0.9,0.83,0.97,3.9415128,3.94151,3.9415156,0.0488,0.0483,0.0493
XO-2N b,XO-2N,0.98,0.62,0.6,0.64,2.615838,2.61583,2.615846,0.0369,0.0349,0.0389
XO-3 b,XO-3,1.41,11.79,11.2,12.38,3.1915239,3.1912939,3.1917539,0.0454,0.04458,0.04622
XO-4 b,XO-4,1.32,1.616,1.5155,1.7165,4.12473,4.12419,4.12527,0.05485,0.05443,0.05527
XO-5 b,XO-5,0.88,1.077,1.04,1.114,4.1877537,4.187752,4.1877554,0.0487,0.0481,0.0493
XO-6 b,XO-6,1.47,1.9,1.4,2.4,3.7650007,3.7649926,3.7650088,0.0815,0.0738,0.0892
XO-7 b,XO-7,1.405,0.709,0.675,0.743,2.8641424,2.8641381,2.8641467,0.04421,0.04359,0.04483